iteration,0,1,2,3,4,5,6,7,8,9,10,11,12,13,14,15,16,17,18,19,20,21,22,23,24,25,26,27,28,29,30,31,32,33,34,35,36,37,38,39,40,41,42,43,44,45,46,47,48,49,50,51,52,53,54,55,56,57,58,59,60,61,62,63,64,65,66,67,68,69,70,71,72,73,74,75,76,77,78,79,80,81,82,83,84,85,86,87,88,89,90,91,92,93,94,95,96,97,98,99
0,-20,-19,-4,-6,-19,-16,-16,-19,-7,-7,-13,-5,-18,-9,-11,-16,-7,-14,-25,-19,-13,-14,-17,-22,-18,-11,-12,-15,-14,-9,-12,-12,-6,-11,-6,-13,-2,-2,-16,-8,-7,-12,-8,-11,-8,-7,-26,-16,-17,-6,-11,-20,-15,-23,-11,-29,-17,-6,-6,-7,-14,-7,-15,-8,-30,-11,-14,-20,-10,-22,-10,-12,-28,-4,-11,-4,-10,-13,-10,-7,-11,-18,-7,-23,-11,-10,-10,-4,-6,-18,-18,-7,-5,-10,-12,-14,-3,-11,-25,-4
1,-20,-24,-4,-6,-19,-16,-16,-19,-7,-7,-13,-10,-18,-14,-11,-21,-7,-19,-25,-19,-18,-19,-17,-22,-23,-11,-12,-20,-14,-9,-12,-12,-11,-16,-11,-13,-2,-7,-21,-13,-12,-12,-8,-16,-13,-12,-31,-16,-17,-11,-11,-25,-15,-23,-16,-34,-22,-11,-11,-12,-19,-12,-20,-13,-35,-11,-19,-25,-10,-27,-15,-17,-28,-9,-16,-9,-15,-18,-15,-12,-16,-23,-12,-28,-16,-15,-15,-9,-11,-18,-23,-12,-10,-15,-12,-19,-8,-16,-25,-9
2,-25,-24,-9,-11,-24,-21,-16,-24,-12,-12,-18,-10,-23,-14,-11,-21,-12,-19,-30,-24,-23,-24,-22,-27,-23,-16,-17,-20,-14,-14,-17,-17,-11,-21,-11,-18,-2,-7,-26,-13,-17,-17,-13,-16,-18,-17,-36,-21,-22,-16,-16,-30,-20,-28,-16,-39,-22,-11,-16,-17,-24,-12,-25,-18,-35,-16,-19,-30,-15,-27,-15,-17,-33,-9,-16,-14,-15,-18,-20,-12,-21,-28,-12,-28,-16,-20,-20,-9,-16,-23,-23,-12,-10,-15,-17,-19,-13,-21,-30,-14
3,-30,-29,-14,-16,-24,-26,-21,-24,-17,-17,-18,-15,-28,-19,-16,-26,-17,-24,-35,-29,-23,-24,-27,-32,-28,-16,-17,-25,-19,-19,-22,-22,-11,-21,-16,-18,-7,-12,-26,-18,-17,-22,-18,-21,-18,-22,-36,-21,-27,-16,-21,-30,-20,-28,-21,-39,-27,-16,-16,-17,-24,-17,-25,-18,-35,-21,-24,-30,-15,-32,-20,-22,-33,-14,-21,-14,-15,-23,-25,-17,-21,-33,-17,-33,-21,-20,-20,-14,-16,-23,-28,-12,-15,-20,-17,-24,-13,-26,-30,-19
4,-30,-29,-19,-21,-29,-26,-21,-29,-17,-17,-23,-20,-33,-24,-16,-26,-22,-24,-35,-29,-28,-29,-27,-32,-33,-16,-17,-30,-24,-24,-27,-27,-16,-26,-16,-23,-12,-12,-31,-23,-22,-22,-23,-26,-23,-22,-41,-26,-27,-21,-26,-35,-25,-28,-26,-44,-32,-16,-21,-22,-29,-17,-30,-23,-35,-21,-29,-35,-20,-32,-20,-27,-38,-19,-21,-19,-20,-28,-25,-22,-21,-33,-17,-33,-26,-20,-25,-19,-21,-28,-28,-17,-15,-20,-22,-24,-18,-26,-35,-19
5,-35,-34,-19,-21,-29,-31,-26,-29,-22,-22,-23,-25,-33,-24,-21,-31,-22,-29,-40,-34,-28,-34,-32,-37,-33,-21,-22,-35,-24,-29,-32,-27,-16,-31,-21,-28,-12,-17,-31,-23,-27,-27,-23,-31,-23,-27,-41,-26,-32,-26,-31,-35,-25,-33,-31,-44,-32,-21,-26,-22,-29,-22,-30,-28,-40,-26,-29,-35,-20,-37,-25,-27,-43,-24,-21,-24,-20,-33,-30,-27,-26,-33,-22,-38,-31,-25,-25,-19,-21,-28,-33,-22,-20,-25,-22,-29,-23,-31,-35,-24
6,-40,-39,-24,-26,-34,-36,-26,-34,-22,-27,-28,-25,-38,-29,-21,-36,-27,-29,-45,-34,-33,-34,-32,-37,-38,-21,-22,-40,-29,-34,-32,-32,-21,-31,-26,-28,-17,-17,-36,-28,-27,-32,-28,-36,-28,-27,-46,-31,-37,-31,-36,-40,-25,-33,-31,-49,-37,-26,-31,-27,-34,-22,-35,-28,-40,-26,-29,-40,-25,-37,-30,-32,-43,-24,-26,-24,-25,-33,-30,-27,-26,-38,-27,-43,-31,-30,-30,-24,-26,-33,-33,-22,-20,-30,-27,-34,-23,-31,-40,-24
7,-40,-39,-29,-31,-34,-41,-31,-39,-27,-27,-33,-30,-38,-29,-26,-36,-27,-34,-45,-39,-33,-39,-37,-42,-38,-26,-27,-45,-29,-39,-37,-37,-26,-31,-26,-33,-17,-22,-36,-28,-32,-32,-28,-36,-33,-32,-51,-31,-42,-31,-36,-45,-30,-38,-36,-54,-37,-26,-31,-32,-39,-27,-35,-33,-45,-31,-34,-40,-25,-42,-30,-32,-48,-29,-31,-29,-30,-38,-35,-27,-31,-43,-27,-43,-36,-30,-30,-29,-31,-33,-38,-27,-25,-30,-27,-34,-28,-36,-45,-29
8,-45,-44,-29,-31,-39,-41,-36,-39,-32,-32,-33,-35,-43,-34,-26,-41,-32,-39,-50,-44,-38,-39,-37,-47,-43,-31,-27,-45,-34,-39,-42,-37,-26,-36,-31,-38,-22,-27,-41,-33,-32,-37,-33,-41,-33,-37,-56,-36,-42,-36,-41,-45,-30,-38,-36,-54,-42,-31,-36,-32,-39,-27,-40,-38,-45,-31,-34,-45,-30,-47,-35,-37,-48,-29,-31,-29,-30,-43,-40,-32,-31,-48,-32,-48,-41,-35,-35,-29,-31,-38,-43,-27,-25,-35,-32,-39,-28,-41,-45,-29
9,-45,-49,-34,-36,-39,-46,-36,-44,-32,-37,-38,-35,-48,-39,-31,-41,-32,-39,-55,-44,-43,-44,-42,-47,-43,-31,-32,-50,-34,-44,-47,-42,-31,-41,-31,-38,-22,-27,-41,-38,-37,-42,-38,-46,-38,-37,-56,-41,-42,-41,-46,-50,-35,-43,-41,-59,-42,-36,-36,-37,-44,-32,-45,-38,-50,-36,-39,-45,-30,-47,-35,-42,-53,-34,-36,-34,-35,-43,-40,-32,-36,-48,-32,-48,-41,-40,-35,-34,-36,-43,-43,-32,-30,-35,-37,-39,-33,-41,-50,-34
10,-50,-49,-39,-36,-44,-46,-41,-44,-37,-42,-38,-40,-48,-39,-36,-46,-37,-44,-55,-49,-43,-49,-42,-52,-48,-36,-32,-55,-39,-49,-47,-42,-36,-41,-36,-43,-22,-32,-46,-38,-42,-42,-38,-46,-43,-37,-61,-41,-47,-46,-46,-55,-40,-48,-41,-59,-47,-36,-41,-42,-44,-37,-45,-43,-55,-36,-44,-50,-35,-52,-40,-42,-58,-39,-36,-34,-35,-48,-45,-37,-41,-53,-37,-53,-46,-40,-40,-34,-36,-43,-48,-32,-30,-40,-37,-44,-38,-46,-50,-39
11,-55,-54,-39,-41,-49,-51,-41,-49,-42,-42,-43,-45,-53,-44,-36,-51,-37,-44,-60,-49,-43,-49,-47,-52,-53,-41,-37,-55,-39,-49,-52,-47,-36,-46,-36,-43,-27,-32,-51,-43,-42,-47,-43,-51,-43,-42,-61,-46,-52,-51,-46,-55,-40,-48,-46,-64,-52,-41,-46,-42,-49,-37,-50,-43,-55,-41,-44,-55,-40,-52,-40,-47,-58,-39,-41,-39,-40,-48,-45,-42,-41,-58,-42,-58,-51,-40,-45,-34,-41,-48,-48,-37,-35,-45,-42,-49,-38,-51,-55,-39
12,-55,-59,-44,-41,-49,-51,-46,-54,-42,-47,-43,-45,-53,-49,-41,-51,-42,-49,-60,-54,-48,-54,-52,-57,-53,-41,-42,-60,-44,-54,-52,-47,-41,-46,-41,-48,-32,-37,-51,-43,-47,-47,-43,-56,-48,-47,-66,-46,-52,-51,-51,-60,-45,-53,-51,-64,-52,-46,-46,-47,-54,-42,-50,-48,-55,-46,-49,-55,-40,-57,-45,-47,-63,-44,-46,-44,-40,-53,-50,-47,-46,-58,-42,-58,-51,-45,-50,-39,-46,-53,-53,-37,-35,-45,-42,-49,-43,-51,-60,-44
13,-60,-59,-49,-46,-54,-56,-46,-54,-47,-47,-48,-45,-58,-49,-46,-56,-42,-49,-65,-59,-53,-54,-52,-62,-58,-46,-42,-60,-49,-54,-57,-52,-41,-51,-46,-48,-32,-37,-56,-48,-47,-52,-48,-56,-48,-52,-66,-51,-57,-56,-56,-65,-45,-53,-51,-69,-57,-46,-51,-47,-54,-47,-55,-48,-60,-46,-49,-60,-45,-62,-50,-52,-63,-44,-46,-44,-45,-58,-55,-52,-51,-63,-47,-63,-56,-45,-50,-44,-46,-53,-53,-42,-40,-50,-47,-54,-48,-56,-60,-44
14,-65,-64,-49,-51,-59,-56,-51,-59,-52,-52,-53,-50,-58,-54,-46,-56,-47,-54,-65,-59,-53,-59,-57,-62,-58,-46,-47,-65,-49,-59,-62,-52,-46,-51,-46,-53,-37,-42,-61,-48,-52,-57,-48,-61,-53,-52,-66,-56,-57,-56,-56,-65,-50,-58,-56,-69,-57,-51,-56,-52,-59,-47,-55,-53,-65,-51,-54,-60,-50,-62,-50,-52,-68,-49,-51,-49,-50,-58,-55,-52,-56,-63,-47,-63,-56,-50,-55,-49,-51,-58,-58,-47,-40,-50,-47,-54,-53,-56,-65,-49
15,-65,-64,-54,-51,-59,-61,-56,-64,-52,-52,-53,-50,-63,-54,-51,-61,-52,-59,-70,-64,-58,-59,-57,-62,-63,-51,-52,-70,-54,-64,-62,-57,-46,-56,-51,-53,-42,-47,-66,-53,-52,-62,-53,-61,-53,-57,-66,-56,-62,-61,-61,-65,-50,-63,-56,-69,-62,-56,-51,-52,-59,-52,-60,-53,-65,-51,-54,-65,-50,-67,-55,-57,-73,-54,-56,-49,-50,-63,-60,-57,-56,-63,-52,-68,-61,-55,-55,-49,-56,-58,-63,-47,-45,-55,-52,-59,-53,-61,-65,-54
16,-70,-69,-54,-56,-64,-61,-61,-64,-57,-57,-58,-55,-63,-59,-56,-61,-52,-59,-70,-64,-58,-64,-62,-67,-68,-56,-52,-75,-59,-64,-67,-62,-51,-56,-51,-58,-47,-47,-66,-58,-57,-62,-58,-66,-58,-57,-66,-61,-67,-61,-61,-70,-55,-63,-61,-74,-67,-56,-56,-57,-64,-52,-60,-58,-70,-56,-59,-65,-55,-62,-55,-62,-73,-54,-56,-54,-50,-63,-60,-57,-61,-68,-52,-68,-61,-60,-60,-54,-61,-63,-63,-52,-50,-55,-57,-59,-58,-66,-70,-54
17,-70,-74,-54,-56,-64,-66,-61,-69,-62,-57,-63,-60,-63,-59,-56,-66,-57,-64,-70,-69,-63,-69,-62,-67,-68,-56,-57,-75,-59,-69,-67,-62,-56,-61,-56,-63,-47,-52,-71,-58,-62,-67,-63,-71,-58,-57,-66,-66,-62,-66,-66,-70,-55,-68,-66,-74,-67,-61,-61,-57,-64,-52,-65,-63,-70,-56,-59,-70,-55,-67,-60,-67,-73,-59,-61,-59,-55,-68,-65,-62,-61,-68,-57,-73,-66,-60,-60,-59,-66,-68,-68,-57,-50,-60,-57,-64,-58,-66,-70,-59
18,-70,-74,-59,-61,-69,-71,-61,-69,-62,-62,-63,-60,-68,-64,-61,-66,-62,-69,-75,-74,-68,-69,-67,-67,-73,-61,-57,-75,-64,-69,-72,-67,-56,-66,-61,-68,-47,-52,-76,-63,-62,-67,-63,-71,-63,-62,-71,-66,-67,-66,-71,-70,-60,-68,-66,-74,-72,-66,-66,-62,-69,-57,-70,-68,-75,-61,-64,-70,-60,-72,-60,-72,-78,-64,-61,-59,-60,-68,-65,-62,-66,-68,-62,-73,-66,-65,-65,-59,-71,-68,-68,-57,-55,-60,-62,-64,-63,-71,-75,-59
19,-70,-79,-64,-61,-69,-71,-66,-74,-62,-62,-68,-65,-73,-64,-66,-71,-62,-74,-75,-74,-68,-74,-67,-72,-68,-66,-62,-80,-64,-74,-67,-67,-61,-66,-66,-68,-52,-57,-76,-63,-67,-72,-68,-71,-68,-62,-71,-71,-72,-71,-71,-75,-65,-73,-66,-74,-72,-66,-66,-62,-74,-62,-70,-73,-70,-66,-69,-75,-65,-77,-60,-72,-78,-64,-66,-64,-65,-73,-70,-67,-66,-73,-62,-78,-71,-70,-65,-64,-71,-73,-73,-62,-60,-65,-62,-69,-68,-71,-75,-64
20,-75,-79,-69,-66,-74,-76,-71,-74,-67,-67,-68,-65,-73,-64,-66,-71,-62,-79,-75,-79,-73,-74,-72,-77,-73,-66,-62,-85,-69,-74,-72,-72,-66,-71,-66,-73,-57,-62,-76,-68,-67,-72,-73,-76,-68,-67,-76,-71,-72,-71,-71,-75,-70,-73,-71,-74,-77,-66,-71,-67,-74,-67,-75,-73,-75,-71,-69,-75,-65,-77,-65,-72,-78,-69,-66,-64,-65,-78,-75,-72,-71,-73,-67,-83,-76,-70,-70,-69,-71,-73,-78,-62,-65,-70,-67,-74,-68,-76,-80,-64
21,-80,-84,-69,-71,-74,-81,-76,-74,-67,-72,-73,-70,-78,-69,-66,-76,-67,-74,-75,-79,-73,-74,-77,-72,-78,-71,-67,-80,-74,-79,-77,-72,-66,-71,-71,-73,-62,-62,-81,-68,-72,-77,-73,-76,-73,-72,-76,-76,-77,-71,-76,-80,-70,-78,-76,-79,-82,-71,-71,-72,-79,-67,-75,-73,-80,-71,-69,-80,-65,-77,-70,-77,-78,-74,-71,-69,-70,-78,-75,-72,-71,-73,-67,-83,-76,-75,-75,-69,-71,-78,-78,-67,-70,-75,-72,-79,-73,-76,-85,-69
22,-80,-84,-74,-71,-79,-76,-76,-79,-72,-77,-78,-70,-73,-74,-71,-81,-72,-79,-80,-84,-78,-79,-77,-77,-78,-71,-67,-85,-74,-79,-72,-77,-71,-76,-76,-78,-62,-67,-81,-73,-72,-82,-78,-81,-73,-72,-76,-76,-82,-76,-81,-80,-70,-78,-76,-79,-82,-71,-76,-77,-79,-67,-75,-78,-85,-76,-74,-80,-70,-82,-75,-77,-83,-74,-76,-74,-75,-83,-80,-77,-76,-78,-72,-88,-81,-75,-75,-74,-71,-78,-83,-72,-70,-75,-72,-79,-73,-76,-80,-74
23,-85,-84,-74,-76,-79,-81,-81,-79,-72,-77,-78,-75,-78,-74,-76,-81,-77,-84,-80,-84,-83,-79,-77,-77,-78,-76,-72,-85,-79,-84,-77,-82,-76,-76,-76,-78,-67,-67,-86,-78,-77,-82,-78,-86,-78,-77,-81,-81,-82,-76,-81,-80,-75,-78,-81,-79,-82,-76,-81,-77,-84,-72,-80,-83,-85,-81,-79,-80,-75,-82,-75,-82,-83,-79,-81,-74,-75,-88,-80,-77,-76,-78,-72,-88,-86,-75,-80,-74,-76,-83,-78,-77,-75,-75,-77,-84,-73,-81,-85,-79
24,-85,-89,-79,-76,-84,-81,-81,-84,-77,-82,-78,-80,-83,-79,-76,-86,-82,-84,-85,-84,-83,-84,-82,-82,-83,-76,-77,-85,-84,-84,-77,-82,-76,-81,-81,-83,-67,-72,-86,-78,-77,-82,-83,-86,-78,-82,-81,-81,-87,-81,-86,-85,-75,-83,-81,-84,-82,-76,-81,-82,-79,-77,-85,-88,-85,-86,-79,-85,-80,-82,-80,-82,-83,-79,-81,-79,-80,-88,-85,-77,-81,-83,-72,-88,-86,-80,-80,-74,-81,-83,-83,-77,-80,-80,-82,-84,-78,-81,-85,-79
25,-90,-89,-79,-81,-89,-86,-86,-84,-82,-82,-83,-80,-83,-79,-76,-81,-82,-89,-85,-89,-83,-84,-87,-82,-83,-81,-77,-90,-79,-89,-77,-82,-81,-81,-81,-83,-72,-77,-91,-78,-77,-87,-83,-86,-83,-82,-81,-86,-82,-86,-86,-90,-80,-83,-81,-84,-87,-81,-86,-82,-84,-82,-85,-88,-90,-86,-84,-85,-80,-87,-80,-87,-88,-84,-81,-79,-85,-88,-90,-82,-81,-83,-77,-93,-91,-80,-85,-79,-81,-88,-88,-82,-85,-80,-82,-89,-83,-86,-90,-84
26,-90,-89,-84,-86,-84,-91,-91,-84,-82,-87,-88,-85,-83,-84,-81,-86,-87,-89,-90,-89,-88,-84,-87,-87,-78,-81,-82,-90,-84,-89,-82,-87,-86,-86,-86,-88,-77,-82,-91,-83,-82,-87,-88,-91,-88,-82,-86,-81,-87,-86,-86,-90,-80,-88,-86,-84,-87,-81,-81,-82,-89,-82,-85,-93,-90,-91,-84,-85,-85,-87,-85,-87,-88,-84,-86,-79,-90,-88,-90,-82,-81,-88,-82,-93,-91,-80,-85,-84,-86,-88,-88,-82,-90,-85,-87,-89,-83,-91,-90,-84
27,-90,-94,-84,-86,-89,-91,-91,-89,-82,-92,-88,-85,-88,-89,-86,-86,-92,-94,-85,-89,-88,-84,-92,-87,-83,-86,-87,-95,-89,-89,-82,-87,-86,-86,-86,-88,-82,-82,-96,-88,-87,-92,-88,-91,-88,-87,-91,-86,-87,-86,-91,-90,-85,-88,-86,-89,-87,-86,-86,-87,-89,-82,-85,-93,-90,-91,-89,-90,-90,-92,-85,-87,-93,-89,-86,-84,-90,-93,-90,-87,-86,-88,-87,-93,-91,-85,-90,-89,-86,-88,-93,-87,-90,-85,-87,-89,-83,-91,-90,-89
28,-90,-94,-89,-86,-89,-96,-91,-89,-87,-87,-93,-90,-88,-89,-86,-91,-92,-94,-90,-94,-93,-89,-92,-87,-88,-91,-87,-95,-89,-94,-87,-92,-91,-91,-86,-88,-82,-87,-91,-88,-87,-92,-93,-91,-88,-87,-91,-91,-92,-91,-96,-90,-85,-88,-91,-89,-92,-86,-91,-92,-89,-87,-90,-93,-95,-96,-89,-90,-90,-92,-90,-92,-93,-84,-86,-89,-90,-93,-95,-87,-91,-93,-92,-98,-96,-90,-90,-94,-86,-93,-93,-87,-90,-90,-92,-94,-88,-91,-95,-94
29,-95,-94,-89,-91,-94,-96,-91,-94,-92,-92,-93,-90,-93,-94,-91,-96,-92,-94,-90,-94,-93,-89,-92,-92,-88,-91,-87,-100,-89,-94,-87,-97,-96,-91,-91,-93,-87,-92,-96,-88,-92,-97,-93,-96,-88,-92,-91,-91,-97,-91,-96,-95,-90,-93,-91,-89,-92,-91,-91,-92,-89,-92,-90,-98,-95,-96,-89,-95,-95,-97,-90,-92,-93,-89,-91,-94,-90,-98,-100,-92,-91,-93,-92,-93,-96,-90,-90,-94,-91,-93,-93,-87,-95,-90,-92,-99,-88,-96,-95,-94
30,-95,-94,-94,-96,-94,-96,-96,-94,-92,-92,-93,-95,-93,-89,-96,-96,-97,-99,-95,-94,-98,-94,-97,-92,-93,-91,-92,-95,-94,-94,-92,-92,-96,-96,-91,-93,-92,-92,-96,-93,-97,-97,-98,-96,-93,-97,-91,-96,-97,-96,-96,-100,-90,-93,-96,-94,-97,-96,-96,-97,-94,-92,-95,-98,-100,-101,-94,-95,-90,-92,-95,-97,-98,-94,-96,-94,-95,-98,-100,-92,-91,-93,-92,-98,-96,-95,-95,-94,-91,-93,-98,-92,-90,-95,-97,-99,-88,-101,-100,-94
31,-95,-99,-94,-91,-99,-101,-96,-94,-97,-97,-98,-95,-98,-94,-96,-101,-97,-99,-95,-99,-98,-94,-97,-92,-93,-96,-97,-100,-99,-99,-92,-97,-101,-96,-96,-93,-97,-97,-101,-93,-92,-97,-98,-96,-98,-97,-96,-96,-97,-91,-96,-105,-95,-98,-101,-94,-97,-96,-96,-102,-99,-97,-95,-103,-100,-101,-94,-95,-95,-97,-95,-97,-98,-94,-91,-99,-95,-98,-100,-97,-96,-93,-97,-98,-101,-95,-95,-94,-96,-93,-98,-97,-95,-95,-97,-99,-93,-101,-100,-94
32,-101,-99,-94,-97,-99,-101,-102,-100,-97,-97,-98,-95,-98,-100,-102,-101,-103,-99,-101,-93,-98,-94,-97,-98,-99,-96,-97,-100,-99,-99,-98,-97,-101,-96,-96,-99,-97,-97,-101,-99,-98,-103,-104,-102,-98,-103,-96,-96,-97,-97,-102,-99,-95,-98,-101,-100,-97,-102,-96,-102,-99,-97,-95,-103,-94,-101,-94,-95,-101,-97,-95,-103,-104,-100,-97,-99,-95,-98,-100,-97,-102,-93,-97,-98,-101,-95,-101,-100,-96,-99,-98,-97,-95,-101,-97,-99,-99,-101,-100,-100
33,-101,-99,-94,-97,-106,-101,-95,-100,-97,-104,-105,-102,-98,-100,-102,-101,-103,-99,-101,-100,-98,-101,-97,-98,-99,-96,-97,-100,-99,-99,-98,-97,-108,-103,-96,-99,-97,-104,-101,-99,-98,-103,-104,-102,-98,-103,-96,-103,-104,-104,-102,-99,-102,-98,-101,-100,-97,-102,-103,-109,-99,-97,-102,-103,-101,-101,-101,-102,-101,-97,-102,-96,-104,-100,-97,-99,-102,-105,-100,-97,-102,-100,-97,-105,-108,-95,-101,-100,-96,-99,-98,-97,-95,-101,-97,-106,-99,-101,-100,-100
34,-94,-99,-101,-104,-99,-101,-102,-100,-97,-104,-105,-102,-98,-100,-102,-101,-103,-106,-101,-100,-98,-101,-97,-98,-99,-96,-104,-100,-92,-106,-98,-97,-108,-103,-103,-99,-104,-104,-101,-106,-98,-103,-104,-102,-98,-103,-103,-103,-104,-97,-102,-99,-102,-98,-101,-100,-104,-102,-103,-109,-99,-97,-102,-103,-101,-101,-94,-102,-101,-104,-102,-103,-97,-100,-104,-99,-102,-98,-107,-104,-102,-100,-97,-98,-101,-102,-101,-100,-103,-99,-105,-97,-102,-101,-104,-106,-99,-101,-100,-107
35,-94,-99,-101,-104,-99,-101,-102,-100,-105,-104,-105,-102,-106,-100,-102,-101,-103,-106,-101,-100,-106,-101,-97,-98,-99,-104,-104,-100,-100,-106,-98,-105,-108,-103,-103,-99,-104,-104,-101,-98,-98,-103,-104,-102,-106,-103,-103,-95,-104,-97,-102,-99,-102,-106,-101,-100,-104,-102,-103,-109,-99,-97,-102,-103,-101,-101,-102,-102,-101,-104,-102,-103,-105,-100,-104,-107,-102,-98,-107,-104,-102,-100,-97,-106,-109,-102,-101,-100,-103,-99,-97,-97,-102,-101,-104,-106,-99,-101,-108,-107
36,-103,-99,-101,-104,-108,-101,-102,-100,-105,-95,-105,-102,-106,-100,-111,-101,-103,-106,-101,-100,-106,-101,-97,-98,-99,-104,-104,-100,-100,-106,-98,-105,-108,-103,-103,-99,-104,-104,-101,-107,-98,-103,-104,-102,-97,-103,-103,-104,-104,-106,-102,-99,-102,-106,-101,-100,-104,-102,-103,-109,-99,-106,-102,-103,-101,-101,-102,-102,-101,-104,-102,-103,-105,-91,-104,-98,-102,-98,-107,-104,-102,-100,-97,-106,-109,-102,-101,-100,-103,-99,-97,-97,-93,-101,-104,-106,-99,-101,-108,-107
37,-103,-99,-101,-104,-108,-110,-102,-100,-105,-104,-105,-102,-106,-100,-102,-101,-103,-106,-101,-100,-106,-101,-97,-98,-108,-104,-104,-100,-100,-106,-98,-96,-108,-103,-103,-99,-104,-104,-101,-98,-98,-103,-104,-102,-106,-103,-103,-104,-104,-106,-102,-99,-102,-106,-101,-100,-104,-102,-103,-109,-99,-97,-102,-103,-101,-101,-102,-102,-101,-104,-102,-103,-105,-100,-104,-98,-102,-98,-107,-104,-102,-100,-97,-97,-109,-102,-101,-100,-103,-99,-97,-97,-93,-110,-104,-106,-99,-101,-108,-107
38,-103,-99,-101,-104,-108,-101,-102,-100,-105,-104,-105,-102,-97,-100,-111,-101,-103,-106,-101,-100,-106,-101,-97,-98,-108,-104,-104,-100,-100,-97,-98,-105,-108,-103,-103,-99,-104,-104,-101,-98,-98,-103,-104,-102,-106,-103,-103,-104,-104,-106,-102,-99,-102,-106,-101,-100,-104,-102,-103,-109,-99,-97,-102,-103,-101,-101,-102,-102,-101,-104,-102,-103,-105,-100,-95,-98,-102,-98,-107,-104,-102,-100,-97,-106,-109,-102,-101,-100,-103,-99,-97,-97,-93,-110,-104,-106,-99,-101,-99,-107
39,-103,-100,-102,-104,-106,-101,-103,-100,-104,-103,-105,-103,-98,-100,-108,-101,-103,-105,-101,-101,-104,-102,-98,-99,-104,-104,-104,-101,-100,-98,-99,-102,-107,-102,-103,-100,-103,-104,-102,-99,-99,-101,-105,-102,-103,-103,-102,-103,-103,-103,-103,-100,-103,-106,-101,-101,-105,-101,-104,-109,-100,-98,-102,-104,-101,-100,-102,-103,-102,-103,-103,-104,-104,-100,-96,-99,-102,-99,-106,-104,-102,-101,-98,-104,-108,-101,-101,-101,-103,-100,-98,-98,-94,-106,-104,-106,-100,-102,-100,-107
40,-103,-102,-102,-102,-106,-101,-103,-100,-102,-103,-105,-103,-100,-100,-108,-101,-103,-105,-101,-103,-104,-102,-100,-101,-102,-104,-102,-103,-102,-100,-101,-104,-105,-102,-105,-100,-105,-104,-104,-99,-101,-101,-103,-102,-103,-103,-102,-103,-103,-103,-103,-102,-103,-102,-101,-101,-103,-101,-104,-109,-100,-100,-102,-106,-103,-102,-102,-103,-102,-103,-103,-104,-104,-102,-98,-101,-102,-101,-106,-102,-102,-101,-98,-106,-106,-101,-101,-101,-103,-100,-100,-100,-96,-106,-102,-106,-100,-102,-102,-105
41,-103,-102,-102,-102,-106,-101,-103,-103,-102,-103,-105,-103,-103,-100,-105,-101,-103,-105,-101,-100,-101,-102,-100,-101,-102,-104,-105,-103,-102,-100,-104,-101,-105,-102,-105,-100,-102,-104,-104,-99,-101,-101,-103,-102,-100,-103,-102,-103,-103,-103,-106,-105,-103,-102,-104,-101,-103,-101,-104,-109,-100,-103,-102,-109,-100,-102,-105,-103,-102,-103,-103,-104,-104,-102,-101,-101,-102,-101,-106,-102,-102,-104,-101,-103,-106,-101,-101,-101,-103,-103,-103,-103,-99,-106,-105,-106,-100,-105,-105,-105
42,-103,-102,-102,-105,-106,-101,-103,-103,-102,-103,-105,-103,-100,-100,-105,-101,-103,-105,-104,-100,-104,-102,-100,-101,-102,-104,-105,-103,-102,-103,-104,-104,-105,-102,-105,-103,-105,-104,-104,-102,-101,-101,-106,-102,-100,-103,-102,-103,-103,-103,-106,-105,-103,-102,-104,-101,-103,-104,-101,-109,-100,-100,-105,-109,-103,-102,-102,-103,-102,-103,-103,-104,-104,-102,-101,-101,-102,-101,-106,-102,-102,-101,-104,-103,-106,-101,-101,-101,-103,-103,-100,-103,-99,-106,-105,-103,-100,-102,-102,-105
43,-103,-102,-102,-102,-103,-101,-103,-100,-105,-103,-108,-103,-100,-100,-105,-101,-103,-105,-104,-100,-104,-105,-100,-101,-102,-104,-105,-103,-102,-106,-104,-101,-105,-102,-105,-103,-105,-104,-104,-102,-101,-101,-106,-102,-100,-103,-102,-103,-103,-103,-103,-105,-103,-105,-104,-101,-106,-101,-104,-109,-100,-100,-102,-106,-103,-102,-102,-103,-102,-103,-103,-104,-104,-102,-104,-104,-102,-101,-106,-102,-102,-104,-104,-103,-106,-101,-101,-101,-103,-100,-103,-103,-102,-103,-102,-103,-100,-102,-105,-105
44,-103,-102,-102,-103,-104,-101,-104,-101,-103,-103,-106,-103,-101,-100,-106,-101,-103,-105,-104,-101,-103,-103,-100,-101,-102,-103,-103,-103,-102,-105,-103,-101,-106,-103,-105,-103,-104,-103,-104,-102,-100,-102,-105,-102,-100,-103,-102,-103,-103,-103,-104,-106,-103,-104,-104,-102,-105,-102,-104,-109,-101,-101,-103,-107,-103,-102,-102,-103,-103,-102,-103,-104,-104,-102,-102,-103,-102,-101,-106,-102,-102,-102,-103,-102,-106,-101,-101,-102,-103,-101,-103,-103,-102,-104,-102,-103,-101,-102,-105,-105
45,-103,-102,-103,-103,-105,-102,-103,-101,-103,-104,-105,-104,-101,-101,-105,-101,-103,-105,-104,-101,-102,-103,-101,-102,-102,-103,-104,-104,-102,-105,-103,-101,-106,-103,-106,-103,-105,-103,-103,-102,-101,-101,-104,-103,-101,-103,-102,-103,-103,-103,-104,-106,-103,-103,-104,-103,-104,-102,-104,-109,-101,-102,-103,-107,-103,-103,-102,-102,-103,-102,-103,-104,-104,-102,-102,-103,-101,-101,-106,-101,-102,-102,-103,-103,-107,-101,-101,-102,-104,-100,-101,-103,-103,-104,-103,-103,-102,-102,-104,-103
46,-103,-102,-103,-103,-105,-100,-103,-101,-103,-104,-103,-106,-101,-103,-105,-101,-103,-105,-104,-101,-102,-103,-101,-100,-102,-103,-104,-104,-104,-105,-103,-101,-106,-103,-106,-103,-103,-103,-103,-102,-103,-101,-104,-103,-101,-103,-100,-103,-103,-103,-104,-106,-103,-103,-104,-101,-104,-102,-104,-109,-101,-104,-103,-107,-103,-103,-102,-100,-103,-102,-103,-104,-104,-102,-102,-103,-101,-101,-106,-101,-102,-102,-105,-103,-107,-101,-101,-102,-104,-100,-101,-103,-103,-104,-105,-103,-102,-102,-104,-103
47,-103,-102,-103,-103,-105,-103,-103,-101,-100,-104,-103,-106,-101,-103,-105,-101,-103,-105,-104,-101,-102,-103,-101,-100,-102,-103,-104,-104,-101,-105,-103,-101,-106,-103,-106,-103,-103,-103,-106,-102,-103,-101,-104,-103,-104,-103,-100,-103,-103,-103,-104,-106,-103,-103,-104,-101,-104,-102,-107,-109,-101,-104,-103,-107,-103,-103,-102,-103,-103,-102,-103,-104,-104,-105,-102,-103,-101,-101,-106,-101,-102,-105,-105,-103,-107,-101,-104,-102,-104,-100,-101,-103,-100,-104,-105,-103,-102,-102,-104,-106
48,-103,-98,-103,-103,-105,-103,-103,-101,-100,-104,-103,-106,-105,-103,-109,-101,-103,-105,-104,-101,-102,-103,-101,-100,-102,-103,-100,-104,-101,-105,-103,-101,-106,-103,-102,-103,-103,-103,-106,-102,-103,-101,-104,-103,-104,-103,-100,-103,-103,-103,-104,-106,-103,-103,-104,-101,-104,-102,-107,-109,-101,-104,-103,-107,-103,-103,-102,-103,-103,-102,-103,-104,-104,-105,-102,-103,-101,-101,-106,-101,-102,-105,-105,-103,-107,-101,-104,-102,-104,-100,-105,-103,-104,-104,-105,-103,-102,-102,-104,-106
49,-103,-98,-103,-103,-100,-103,-103,-101,-100,-104,-103,-101,-105,-103,-109,-101,-103,-105,-104,-101,-102,-103,-101,-100,-102,-103,-105,-104,-101,-105,-103,-101,-106,-103,-102,-103,-103,-103,-101,-102,-103,-101,-104,-103,-104,-108,-100,-103,-103,-103,-104,-106,-103,-103,-104,-101,-104,-102,-102,-109,-101,-104,-103,-107,-108,-103,-107,-103,-103,-102,-103,-104,-104,-105,-102,-103,-101,-101,-106,-106,-102,-100,-105,-103,-107,-101,-104,-102,-104,-100,-105,-103,-104,-104,-105,-103,-102,-102,-104,-106
50,-103,-98,-103,-103,-100,-103,-103,-101,-100,-104,-103,-106,-105,-103,-109,-101,-103,-105,-104,-101,-102,-103,-101,-100,-102,-103,-105,-104,-101,-105,-103,-101,-106,-103,-102,-103,-103,-103,-106,-107,-103,-101,-104,-103,-99,-103,-100,-103,-103,-103,-104,-106,-103,-103,-104,-101,-104,-102,-107,-109,-96,-104,-103,-107,-103,-103,-102,-103,-103,-102,-103,-104,-104,-105,-102,-103,-101,-106,-106,-101,-102,-100,-105,-103,-107,-101,-99,-102,-104,-100,-105,-103,-104,-104,-105,-103,-102,-102,-104,-106
51,-103,-99,-104,-104,-101,-104,-104,-101,-101,-103,-104,-105,-103,-102,-107,-101,-104,-104,-104,-101,-103,-103,-102,-101,-102,-103,-104,-104,-102,-104,-102,-102,-107,-103,-103,-102,-104,-104,-104,-104,-102,-102,-105,-103,-100,-104,-101,-103,-103,-103,-104,-106,-103,-103,-104,-102,-105,-103,-104,-109,-97,-104,-103,-107,-103,-103,-103,-102,-103,-103,-104,-103,-104,-103,-103,-103,-101,-105,-106,-102,-102,-101,-104,-103,-106,-101,-100,-102,-104,-101,-103,-103,-103,-104,-104,-103,-102,-102,-104,-106
52,-103,-100,-103,-104,-102,-103,-103,-101,-102,-103,-104,-106,-102,-102,-107,-101,-104,-104,-103,-101,-104,-102,-102,-102,-102,-103,-104,-104,-103,-105,-102,-102,-106,-103,-104,-102,-103,-104,-104,-104,-102,-101,-104,-104,-100,-104,-101,-102,-103,-103,-105,-106,-104,-102,-104,-102,-104,-103,-105,-108,-98,-102,-104,-107,-104,-103,-103,-102,-103,-103,-104,-104,-104,-103,-103,-103,-101,-104,-107,-103,-102,-102,-104,-103,-106,-101,-101,-102,-104,-101,-103,-103,-103,-105,-103,-103,-101,-102,-105,-105
53,-103,-101,-102,-104,-103,-104,-104,-101,-103,-104,-104,-106,-102,-102,-107,-101,-104,-104,-103,-101,-103,-103,-102,-102,-103,-102,-104,-104,-103,-105,-102,-101,-106,-103,-104,-102,-103,-104,-105,-103,-102,-101,-103,-103,-101,-104,-101,-103,-103,-104,-104,-107,-103,-103,-104,-102,-104,-102,-104,-109,-99,-103,-104,-107,-104,-103,-103,-102,-104,-103,-104,-103,-104,-103,-102,-103,-101,-104,-107,-102,-103,-102,-104,-103,-106,-101,-101,-102,-104,-102,-101,-103,-104,-105,-103,-103,-102,-102,-105,-104
54,-103,-101,-103,-104,-103,-103,-104,-101,-104,-103,-104,-105,-101,-102,-106,-101,-104,-104,-103,-101,-102,-103,-101,-102,-103,-102,-104,-104,-103,-105,-103,-102,-106,-103,-104,-102,-104,-105,-105,-103,-101,-101,-104,-104,-101,-104,-101,-103,-103,-103,-104,-106,-104,-102,-104,-102,-104,-103,-104,-109,-100,-102,-103,-107,-103,-103,-102,-102,-105,-103,-104,-103,-104,-103,-102,-103,-101,-103,-106,-102,-102,-103,-104,-102,-106,-102,-102,-102,-104,-102,-101,-103,-103,-105,-103,-103,-102,-103,-104,-105
55,-103,-101,-103,-103,-104,-103,-103,-101,-104,-103,-105,-105,-102,-102,-106,-102,-104,-104,-103,-101,-102,-102,-101,-102,-103,-102,-104,-103,-102,-105,-103,-102,-106,-103,-105,-103,-104,-105,-104,-103,-102,-101,-104,-104,-101,-104,-102,-103,-103,-103,-104,-106,-104,-103,-104,-102,-103,-103,-104,-109,-101,-102,-103,-107,-103,-103,-102,-102,-105,-103,-104,-104,-104,-103,-103,-103,-101,-102,-106,-102,-102,-103,-104,-103,-106,-102,-102,-102,-103,-101,-102,-103,-102,-105,-104,-103,-102,-103,-105,-105
56,-103,-103,-103,-103,-104,-103,-103,-101,-104,-103,-105,-105,-104,-102,-106,-102,-104,-104,-105,-101,-100,-102,-101,-102,-101,-102,-104,-105,-102,-105,-103,-102,-106,-103,-103,-103,-104,-105,-104,-103,-100,-101,-106,-104,-101,-104,-102,-103,-103,-103,-104,-106,-104,-105,-104,-102,-103,-103,-104,-109,-101,-102,-103,-107,-103,-103,-102,-102,-105,-103,-104,-104,-104,-103,-103,-103,-101,-100,-106,-102,-102,-101,-104,-101,-106,-102,-102,-102,-103,-101,-100,-103,-104,-105,-104,-103,-102,-103,-105,-105
57,-103,-103,-103,-103,-105,-103,-103,-101,-104,-103,-104,-105,-102,-102,-107,-101,-104,-105,-105,-102,-101,-102,-102,-103,-102,-102,-104,-104,-103,-105,-103,-102,-106,-103,-104,-103,-104,-105,-104,-103,-101,-101,-105,-104,-101,-104,-101,-104,-103,-103,-104,-106,-103,-104,-104,-103,-103,-103,-104,-108,-101,-102,-103,-107,-103,-103,-103,-102,-104,-104,-104,-103,-104,-102,-102,-103,-101,-101,-106,-103,-102,-102,-105,-102,-105,-102,-102,-102,-103,-101,-101,-103,-103,-105,-103,-104,-102,-103,-105,-105
58,-103,-102,-103,-103,-105,-104,-103,-100,-104,-102,-104,-105,-102,-102,-107,-101,-104,-105,-104,-102,-102,-103,-102,-103,-102,-102,-104,-103,-102,-105,-103,-103,-106,-103,-104,-102,-105,-105,-104,-102,-101,-101,-104,-103,-102,-104,-101,-103,-103,-103,-104,-107,-103,-104,-104,-102,-103,-103,-105,-109,-101,-102,-103,-107,-103,-103,-103,-103,-105,-103,-104,-104,-104,-102,-102,-102,-101,-102,-106,-102,-102,-102,-104,-102,-105,-102,-102,-102,-103,-102,-102,-103,-102,-105,-103,-103,-103,-103,-105,-105
59,-103,-103,-103,-103,-105,-103,-104,-101,-104,-102,-104,-105,-103,-102,-107,-102,-104,-105,-103,-102,-102,-103,-102,-103,-102,-102,-104,-104,-102,-105,-103,-103,-106,-103,-104,-103,-105,-104,-104,-102,-101,-101,-104,-103,-102,-104,-101,-103,-103,-103,-104,-106,-103,-103,-104,-102,-104,-104,-104,-109,-101,-102,-103,-107,-103,-103,-103,-102,-104,-103,-104,-104,-104,-102,-102,-102,-101,-102,-106,-103,-102,-102,-104,-102,-105,-102,-102,-102,-102,-101,-101,-103,-102,-106,-103,-103,-103,-103,-105,-105
60,-103,-102,-103,-104,-104,-102,-104,-101,-104,-103,-104,-105,-102,-102,-107,-102,-104,-105,-104,-102,-102,-103,-102,-103,-102,-102,-103,-103,-103,-105,-103,-103,-106,-103,-104,-103,-104,-105,-104,-102,-102,-100,-103,-103,-102,-104,-101,-102,-103,-104,-104,-105,-103,-103,-104,-102,-103,-104,-104,-108,-101,-102,-103,-107,-103,-103,-103,-102,-105,-103,-104,-104,-105,-102,-102,-102,-101,-102,-106,-102,-103,-103,-104,-102,-106,-102,-102,-102,-103,-101,-101,-103,-102,-106,-103,-104,-102,-103,-106,-104
61,-103,-104,-103,-104,-104,-102,-104,-101,-104,-103,-104,-105,-102,-102,-105,-102,-104,-105,-104,-102,-102,-103,-102,-101,-102,-100,-105,-105,-103,-105,-103,-101,-106,-103,-104,-103,-106,-103,-106,-102,-102,-100,-105,-103,-102,-104,-101,-104,-103,-104,-104,-103,-103,-103,-104,-102,-103,-104,-104,-108,-101,-102,-103,-107,-103,-103,-101,-102,-105,-103,-104,-104,-103,-102,-102,-102,-101,-104,-106,-102,-103,-101,-104,-102,-108,-100,-102,-102,-103,-101,-101,-103,-102,-106,-103,-102,-100,-103,-104,-104
62,-103,-102,-103,-103,-104,-101,-103,-101,-104,-102,-105,-105,-102,-102,-106,-101,-104,-105,-103,-102,-103,-103,-102,-101,-102,-101,-104,-104,-103,-104,-103,-102,-106,-103,-104,-102,-105,-104,-104,-102,-102,-101,-104,-102,-102,-105,-102,-103,-103,-103,-104,-104,-103,-103,-104,-102,-103,-103,-105,-109,-101,-102,-103,-107,-103,-103,-102,-102,-104,-102,-104,-104,-103,-102,-103,-102,-102,-102,-107,-103,-103,-102,-104,-102,-107,-101,-102,-102,-103,-102,-101,-103,-102,-106,-104,-103,-101,-103,-105,-104
63,-103,-103,-103,-103,-105,-102,-103,-102,-102,-102,-105,-105,-102,-102,-106,-101,-104,-105,-102,-102,-103,-103,-102,-102,-102,-101,-104,-104,-102,-105,-103,-101,-106,-103,-104,-103,-105,-104,-104,-103,-102,-101,-104,-102,-102,-105,-102,-103,-103,-103,-104,-105,-103,-103,-104,-102,-104,-103,-106,-108,-101,-102,-103,-108,-103,-103,-102,-102,-105,-102,-104,-104,-103,-102,-102,-102,-101,-103,-106,-102,-103,-103,-104,-103,-107,-101,-102,-102,-103,-101,-102,-103,-103,-106,-103,-103,-102,-103,-105,-104
64,-103,-103,-103,-103,-105,-102,-103,-100,-104,-102,-107,-105,-102,-102,-106,-101,-104,-105,-102,-102,-103,-103,-102,-102,-102,-101,-102,-104,-102,-105,-103,-101,-106,-103,-106,-103,-105,-104,-106,-103,-102,-101,-104,-102,-102,-105,-102,-103,-103,-103,-104,-105,-103,-103,-104,-102,-104,-103,-104,-108,-101,-102,-103,-108,-103,-103,-102,-102,-105,-102,-106,-104,-105,-102,-100,-102,-99,-103,-106,-102,-103,-103,-102,-103,-107,-101,-102,-102,-103,-101,-100,-103,-103,-106,-103,-103,-102,-103,-103,-104
65,-103,-102,-103,-104,-105,-102,-104,-100,-104,-103,-105,-105,-102,-102,-106,-102,-104,-105,-102,-102,-103,-103,-102,-103,-103,-101,-103,-104,-103,-105,-103,-102,-106,-103,-105,-103,-104,-104,-105,-102,-102,-101,-104,-103,-101,-105,-101,-103,-103,-103,-104,-105,-103,-103,-104,-103,-104,-103,-104,-109,-101,-102,-103,-108,-103,-103,-103,-101,-105,-103,-105,-103,-104,-102,-101,-102,-100,-103,-106,-102,-103,-102,-102,-103,-107,-102,-102,-102,-103,-101,-101,-103,-103,-106,-103,-104,-102,-103,-103,-105
66,-103,-102,-103,-103,-104,-102,-104,-101,-103,-102,-105,-106,-101,-102,-106,-101,-104,-105,-103,-102,-102,-103,-102,-102,-102,-102,-103,-103,-103,-105,-103,-102,-106,-103,-104,-103,-105,-104,-104,-103,-102,-102,-104,-102,-101,-105,-101,-103,-103,-103,-104,-104,-103,-103,-104,-102,-104,-103,-105,-109,-101,-102,-103,-108,-103,-103,-103,-102,-105,-103,-105,-103,-104,-102,-102,-103,-101,-102,-107,-103,-102,-103,-103,-103,-107,-102,-101,-102,-103,-102,-101,-103,-103,-106,-104,-105,-102,-104,-104,-105
67,-103,-102,-103,-104,-105,-102,-103,-101,-104,-102,-105,-105,-102,-102,-106,-101,-104,-105,-103,-102,-103,-103,-102,-102,-103,-102,-103,-104,-103,-105,-103,-102,-105,-103,-105,-103,-104,-104,-105,-103,-102,-101,-104,-103,-101,-105,-102,-103,-103,-103,-104,-103,-104,-104,-104,-103,-104,-103,-104,-108,-102,-102,-104,-107,-103,-103,-103,-101,-105,-103,-105,-104,-104,-102,-103,-103,-101,-103,-107,-103,-102,-102,-102,-103,-107,-102,-102,-102,-103,-102,-101,-103,-103,-106,-104,-104,-102,-103,-105,-104
68,-103,-103,-103,-103,-104,-103,-103,-102,-103,-102,-105,-105,-102,-102,-106,-101,-104,-105,-103,-102,-102,-103,-101,-103,-103,-102,-103,-103,-103,-105,-103,-103,-106,-103,-103,-103,-105,-104,-104,-102,-102,-102,-104,-104,-101,-105,-102,-103,-104,-103,-104,-104,-103,-103,-104,-102,-104,-102,-105,-109,-102,-102,-104,-107,-103,-103,-103,-102,-104,-103,-105,-104,-104,-102,-102,-103,-101,-103,-107,-103,-102,-103,-103,-103,-106,-102,-102,-102,-103,-102,-102,-103,-103,-106,-104,-103,-102,-103,-105,-105
69,-103,-102,-103,-103,-105,-103,-103,-101,-104,-102,-105,-106,-102,-102,-107,-102,-104,-105,-104,-102,-103,-103,-102,-103,-102,-102,-104,-104,-102,-105,-103,-103,-106,-103,-104,-103,-103,-104,-104,-102,-102,-101,-104,-104,-101,-105,-103,-103,-103,-103,-105,-104,-103,-104,-104,-102,-104,-103,-104,-109,-102,-101,-103,-107,-104,-103,-103,-102,-104,-103,-105,-103,-104,-102,-102,-103,-101,-102,-107,-102,-103,-102,-103,-103,-106,-102,-102,-102,-103,-102,-102,-103,-102,-106,-104,-103,-102,-103,-105,-103
70,-103,-102,-103,-102,-104,-103,-104,-101,-105,-102,-105,-106,-102,-102,-107,-102,-104,-105,-103,-102,-103,-103,-102,-102,-103,-102,-103,-104,-103,-105,-103,-103,-106,-103,-105,-103,-104,-104,-104,-102,-102,-101,-104,-104,-102,-105,-102,-103,-103,-103,-104,-105,-103,-103,-104,-102,-103,-103,-104,-110,-102,-102,-104,-107,-103,-103,-103,-101,-103,-103,-105,-104,-104,-102,-102,-102,-101,-103,-106,-102,-103,-102,-103,-102,-106,-102,-102,-102,-103,-102,-101,-103,-103,-105,-104,-104,-102,-103,-105,-104
71,-103,-102,-103,-102,-104,-101,-104,-101,-103,-104,-105,-106,-102,-102,-107,-100,-104,-105,-103,-102,-103,-101,-102,-102,-103,-102,-103,-106,-103,-105,-103,-101,-106,-103,-105,-103,-104,-104,-106,-102,-102,-101,-104,-102,-102,-105,-102,-103,-101,-103,-104,-105,-103,-103,-104,-102,-103,-103,-104,-110,-102,-102,-104,-107,-103,-103,-103,-101,-105,-103,-105,-104,-104,-100,-102,-102,-101,-103,-106,-102,-103,-102,-103,-104,-106,-102,-102,-102,-103,-102,-101,-103,-103,-105,-104,-102,-102,-103,-105,-104
72,-102,-102,-103,-102,-104,-101,-103,-101,-104,-103,-105,-106,-101,-102,-107,-101,-104,-105,-102,-102,-102,-102,-102,-103,-103,-102,-103,-104,-103,-105,-103,-102,-107,-104,-104,-102,-105,-104,-104,-102,-102,-101,-104,-103,-101,-105,-102,-102,-102,-103,-104,-106,-103,-103,-104,-102,-104,-103,-104,-110,-102,-101,-103,-107,-103,-103,-103,-101,-105,-102,-105,-103,-104,-101,-102,-102,-101,-102,-106,-102,-102,-102,-104,-103,-106,-102,-102,-102,-103,-103,-102,-104,-103,-105,-104,-103,-102,-104,-105,-105
73,-102,-102,-103,-102,-104,-101,-105,-101,-104,-103,-105,-106,-103,-102,-107,-101,-104,-103,-102,-102,-100,-102,-102,-101,-103,-102,-103,-102,-103,-105,-103,-102,-105,-102,-104,-102,-101,-104,-104,-102,-102,-101,-104,-103,-101,-105,-104,-102,-102,-103,-104,-106,-103,-105,-104,-102,-104,-105,-104,-110,-100,-103,-103,-107,-103,-103,-103,-101,-105,-102,-105,-103,-104,-103,-102,-102,-101,-104,-106,-102,-104,-102,-102,-103,-106,-102,-102,-102,-103,-103,-102,-104,-103,-107,-104,-103,-102,-104,-105,-105
74,-102,-102,-103,-103,-105,-102,-104,-102,-103,-103,-104,-106,-102,-102,-106,-101,-104,-103,-103,-101,-101,-103,-102,-102,-102,-101,-104,-103,-103,-104,-103,-102,-106,-103,-105,-103,-102,-104,-104,-102,-102,-101,-105,-104,-102,-105,-103,-102,-103,-103,-105,-105,-103,-103,-104,-102,-103,-103,-105,-109,-101,-102,-103,-107,-104,-103,-102,-101,-105,-103,-105,-103,-105,-103,-102,-102,-101,-104,-106,-102,-102,-102,-103,-103,-106,-101,-102,-102,-103,-102,-101,-103,-102,-105,-104,-104,-102,-103,-105,-105
75,-102,-102,-103,-103,-105,-103,-104,-102,-104,-103,-104,-106,-103,-102,-106,-101,-104,-104,-103,-102,-102,-103,-100,-102,-103,-101,-103,-104,-103,-105,-102,-102,-106,-102,-105,-102,-103,-104,-104,-102,-102,-102,-104,-103,-102,-105,-102,-102,-103,-103,-104,-105,-104,-103,-104,-102,-104,-103,-104,-109,-101,-102,-103,-108,-103,-103,-103,-102,-104,-102,-105,-103,-103,-102,-102,-102,-101,-103,-106,-102,-102,-102,-103,-102,-106,-101,-102,-103,-103,-102,-101,-103,-102,-105,-104,-103,-102,-103,-105,-106
76,-102,-103,-103,-103,-105,-103,-103,-101,-102,-103,-104,-106,-103,-102,-106,-101,-104,-104,-103,-102,-102,-102,-101,-102,-103,-101,-103,-103,-104,-105,-103,-102,-106,-102,-104,-103,-104,-104,-104,-102,-102,-101,-105,-102,-101,-105,-102,-103,-103,-104,-105,-105,-103,-103,-104,-102,-103,-103,-104,-109,-101,-103,-103,-108,-103,-103,-103,-102,-104,-103,-105,-103,-103,-101,-102,-102,-101,-103,-106,-103,-102,-103,-104,-103,-105,-101,-102,-103,-103,-102,-101,-103,-103,-106,-103,-103,-103,-103,-104,-105
77,-102,-102,-103,-103,-104,-104,-104,-100,-103,-103,-105,-106,-102,-102,-106,-101,-104,-105,-104,-102,-102,-102,-102,-102,-102,-101,-104,-104,-102,-105,-102,-102,-106,-102,-104,-103,-104,-104,-104,-102,-102,-101,-104,-102,-102,-105,-102,-103,-104,-103,-105,-105,-103,-102,-104,-102,-104,-103,-104,-109,-101,-102,-103,-108,-104,-103,-103,-103,-104,-103,-105,-103,-103,-101,-102,-102,-101,-103,-106,-102,-102,-103,-103,-103,-105,-101,-102,-103,-103,-102,-101,-103,-103,-106,-103,-104,-102,-103,-105,-105
78,-102,-102,-103,-103,-104,-102,-104,-100,-103,-103,-105,-104,-102,-102,-106,-101,-104,-105,-104,-102,-102,-102,-102,-102,-104,-101,-104,-104,-104,-105,-102,-102,-106,-102,-104,-103,-104,-104,-104,-102,-102,-101,-104,-102,-102,-105,-102,-101,-102,-103,-105,-105,-103,-102,-104,-102,-102,-103,-104,-111,-101,-102,-103,-108,-104,-103,-103,-101,-104,-103,-105,-103,-105,-101,-102,-104,-101,-103,-108,-104,-102,-103,-103,-103,-107,-101,-100,-103,-103,-102,-103,-103,-103,-106,-103,-104,-102,-103,-105,-105
79,-102,-102,-103,-103,-104,-102,-104,-100,-103,-103,-105,-104,-102,-102,-106,-101,-101,-105,-104,-102,-102,-102,-102,-102,-104,-101,-104,-104,-104,-105,-102,-102,-106,-102,-107,-103,-104,-104,-104,-102,-102,-101,-104,-102,-102,-105,-102,-104,-102,-103,-102,-105,-106,-102,-104,-102,-102,-103,-104,-108,-101,-102,-103,-108,-104,-103,-103,-101,-104,-103,-105,-100,-105,-101,-102,-104,-101,-103,-108,-104,-102,-103,-103,-103,-107,-101,-103,-103,-103,-102,-100,-103,-100,-106,-103,-104,-105,-103,-102,-105
80,-102,-102,-103,-103,-104,-103,-104,-101,-103,-103,-104,-105,-102,-102,-106,-102,-102,-105,-104,-102,-103,-103,-102,-101,-103,-101,-104,-104,-103,-105,-102,-102,-106,-102,-105,-103,-104,-104,-104,-102,-102,-101,-104,-103,-102,-105,-101,-103,-103,-103,-103,-105,-104,-102,-104,-102,-103,-103,-104,-109,-102,-102,-104,-107,-104,-103,-102,-102,-104,-103,-105,-101,-104,-102,-102,-103,-101,-102,-106,-102,-103,-103,-104,-103,-106,-101,-102,-103,-103,-102,-101,-103,-101,-106,-104,-104,-103,-103,-103,-104
81,-102,-102,-103,-102,-104,-102,-104,-102,-103,-103,-105,-105,-102,-102,-105,-101,-103,-105,-103,-102,-102,-104,-101,-102,-103,-100,-104,-104,-103,-105,-102,-102,-106,-102,-105,-103,-104,-104,-104,-102,-101,-101,-103,-104,-102,-105,-102,-103,-103,-103,-103,-105,-104,-102,-104,-101,-103,-103,-104,-109,-101,-102,-103,-107,-104,-103,-103,-103,-104,-103,-105,-102,-104,-101,-103,-103,-101,-102,-106,-103,-103,-103,-103,-103,-106,-101,-102,-103,-102,-102,-102,-103,-101,-106,-104,-104,-102,-104,-104,-105
82,-102,-102,-103,-103,-104,-102,-104,-101,-103,-103,-105,-105,-101,-102,-105,-100,-103,-105,-104,-102,-102,-103,-101,-102,-102,-101,-103,-104,-102,-104,-102,-102,-106,-102,-104,-103,-103,-104,-104,-102,-101,-101,-103,-103,-102,-105,-103,-102,-103,-103,-104,-105,-104,-102,-104,-101,-103,-102,-104,-109,-102,-102,-104,-107,-103,-103,-103,-103,-103,-103,-105,-103,-104,-102,-102,-103,-101,-103,-106,-103,-103,-103,-104,-103,-106,-101,-102,-102,-102,-102,-102,-103,-101,-106,-104,-104,-102,-103,-104,-104
83,-102,-103,-103,-103,-104,-102,-104,-101,-103,-103,-105,-104,-100,-102,-106,-101,-104,-105,-103,-102,-103,-103,-101,-102,-103,-101,-103,-104,-103,-104,-103,-102,-106,-102,-104,-103,-104,-103,-105,-102,-101,-101,-104,-103,-102,-105,-102,-103,-103,-103,-104,-105,-104,-102,-104,-101,-103,-103,-103,-109,-102,-102,-104,-108,-103,-103,-103,-102,-104,-103,-105,-102,-104,-101,-103,-102,-101,-103,-106,-103,-102,-102,-104,-103,-106,-102,-102,-102,-102,-102,-101,-104,-101,-105,-104,-104,-102,-103,-104,-104
84,-102,-103,-103,-102,-105,-103,-103,-101,-103,-103,-105,-105,-101,-102,-106,-102,-104,-105,-103,-102,-103,-103,-102,-102,-102,-101,-103,-104,-103,-105,-103,-101,-106,-102,-104,-103,-104,-103,-104,-102,-101,-101,-103,-103,-102,-105,-102,-103,-104,-103,-104,-105,-104,-103,-104,-101,-102,-103,-103,-109,-102,-102,-103,-108,-104,-103,-103,-102,-105,-103,-105,-103,-104,-101,-103,-102,-101,-102,-106,-102,-102,-102,-104,-103,-105,-102,-102,-103,-102,-101,-101,-102,-102,-106,-104,-104,-103,-103,-104,-104
85,-102,-103,-103,-102,-105,-103,-103,-101,-103,-103,-105,-107,-103,-102,-106,-100,-106,-105,-103,-102,-103,-103,-102,-102,-102,-101,-103,-104,-103,-105,-103,-103,-106,-102,-106,-103,-104,-103,-104,-100,-101,-101,-103,-103,-102,-105,-102,-101,-104,-103,-104,-105,-102,-103,-104,-101,-102,-103,-103,-109,-102,-102,-103,-108,-104,-103,-103,-102,-105,-103,-105,-103,-104,-101,-101,-102,-101,-102,-106,-102,-102,-102,-104,-103,-105,-102,-102,-103,-102,-99,-101,-102,-102,-106,-104,-104,-103,-103,-104,-106
86,-105,-103,-103,-102,-105,-103,-103,-101,-103,-103,-105,-107,-103,-102,-106,-103,-106,-105,-103,-102,-100,-103,-102,-102,-102,-101,-106,-104,-103,-105,-103,-103,-106,-102,-103,-103,-104,-103,-104,-100,-101,-101,-103,-103,-102,-105,-99,-101,-104,-103,-104,-105,-105,-103,-104,-104,-102,-103,-103,-112,-102,-102,-103,-108,-107,-103,-100,-102,-105,-103,-105,-103,-104,-101,-104,-102,-101,-102,-106,-102,-102,-102,-104,-103,-105,-102,-102,-103,-102,-99,-101,-102,-102,-106,-104,-104,-100,-103,-101,-106
87,-101,-107,-103,-102,-105,-103,-103,-101,-107,-103,-105,-107,-103,-102,-106,-103,-106,-105,-103,-102,-100,-103,-102,-102,-102,-97,-102,-104,-103,-105,-103,-103,-106,-102,-103,-103,-104,-103,-104,-104,-101,-101,-99,-99,-102,-105,-99,-101,-104,-103,-104,-105,-105,-103,-104,-104,-102,-103,-103,-112,-102,-102,-103,-108,-107,-103,-104,-102,-105,-103,-105,-103,-104,-101,-104,-102,-101,-102,-106,-102,-102,-102,-104,-103,-105,-102,-102,-103,-102,-99,-101,-102,-102,-106,-104,-104,-100,-103,-105,-102
88,-102,-103,-103,-102,-106,-103,-103,-102,-105,-104,-104,-106,-103,-102,-106,-102,-105,-105,-103,-102,-101,-104,-101,-102,-103,-98,-103,-103,-103,-105,-103,-102,-106,-103,-104,-102,-104,-104,-105,-103,-101,-101,-100,-100,-102,-105,-100,-101,-103,-103,-104,-105,-104,-103,-104,-102,-103,-103,-104,-111,-102,-102,-103,-107,-104,-103,-103,-101,-105,-103,-105,-103,-105,-102,-103,-102,-101,-102,-106,-102,-102,-103,-104,-103,-106,-101,-102,-103,-103,-100,-102,-102,-102,-105,-104,-104,-101,-103,-106,-103
89,-102,-103,-103,-103,-105,-104,-103,-102,-104,-103,-105,-106,-103,-102,-106,-102,-104,-105,-103,-102,-102,-104,-102,-102,-102,-99,-104,-104,-104,-104,-103,-102,-106,-103,-105,-102,-104,-103,-105,-102,-101,-101,-101,-101,-103,-105,-100,-102,-103,-103,-104,-105,-103,-103,-104,-102,-104,-103,-105,-110,-102,-102,-103,-107,-104,-103,-103,-102,-104,-104,-105,-103,-105,-103,-103,-102,-102,-103,-106,-102,-103,-103,-104,-102,-105,-102,-102,-102,-102,-101,-101,-102,-102,-105,-103,-104,-101,-103,-105,-104
90,-102,-103,-103,-103,-105,-104,-103,-102,-104,-105,-105,-104,-101,-102,-106,-102,-102,-105,-103,-102,-102,-104,-102,-102,-102,-101,-104,-104,-104,-104,-101,-104,-106,-103,-107,-102,-106,-103,-105,-104,-101,-101,-103,-101,-103,-105,-102,-102,-103,-103,-104,-105,-101,-103,-104,-102,-104,-103,-103,-110,-102,-102,-103,-107,-104,-103,-103,-102,-104,-102,-105,-105,-105,-103,-103,-102,-102,-103,-104,-102,-103,-101,-104,-102,-105,-102,-102,-102,-102,-103,-101,-102,-102,-105,-105,-104,-101,-103,-107,-104
91,-102,-103,-103,-103,-105,-103,-103,-102,-104,-104,-104,-104,-101,-102,-106,-101,-103,-105,-103,-102,-101,-103,-102,-102,-103,-102,-105,-103,-103,-104,-102,-103,-106,-103,-105,-102,-105,-103,-104,-103,-102,-100,-103,-102,-103,-105,-102,-102,-103,-104,-105,-105,-102,-103,-104,-102,-105,-103,-104,-110,-102,-102,-103,-107,-104,-103,-104,-102,-105,-102,-105,-104,-105,-103,-103,-102,-102,-102,-105,-102,-103,-102,-104,-103,-105,-102,-102,-103,-102,-102,-102,-102,-102,-106,-105,-103,-101,-103,-105,-105
92,-102,-103,-102,-103,-105,-103,-104,-102,-104,-103,-105,-104,-102,-102,-106,-101,-103,-105,-103,-102,-102,-103,-102,-101,-103,-101,-104,-104,-103,-104,-102,-103,-106,-103,-105,-103,-105,-104,-104,-103,-102,-101,-104,-102,-102,-105,-102,-102,-103,-104,-105,-105,-102,-104,-104,-102,-105,-103,-104,-109,-102,-103,-103,-107,-103,-103,-103,-102,-105,-103,-105,-104,-105,-102,-102,-102,-101,-102,-106,-102,-102,-102,-103,-103,-105,-101,-102,-102,-102,-102,-101,-103,-102,-106,-104,-103,-101,-103,-105,-105
93,-102,-103,-103,-103,-105,-102,-104,-102,-104,-103,-104,-104,-102,-103,-106,-101,-103,-105,-103,-102,-102,-103,-101,-102,-103,-101,-104,-104,-103,-104,-103,-103,-106,-103,-105,-103,-104,-103,-104,-102,-102,-101,-105,-103,-102,-105,-103,-102,-103,-103,-105,-105,-103,-103,-104,-102,-104,-102,-104,-109,-102,-102,-103,-107,-103,-103,-103,-101,-105,-102,-105,-104,-104,-103,-102,-102,-102,-102,-106,-102,-102,-102,-104,-104,-106,-100,-102,-102,-103,-102,-101,-103,-102,-106,-104,-104,-102,-103,-105,-105
94,-102,-103,-103,-103,-105,-102,-103,-102,-104,-102,-104,-104,-101,-102,-106,-100,-103,-105,-104,-102,-103,-103,-101,-102,-102,-101,-103,-104,-104,-104,-102,-103,-106,-103,-105,-104,-104,-104,-105,-103,-102,-100,-104,-103,-101,-105,-101,-103,-103,-103,-104,-105,-103,-103,-104,-102,-104,-103,-104,-109,-102,-102,-103,-108,-104,-103,-103,-102,-105,-103,-105,-104,-104,-103,-102,-102,-100,-102,-107,-102,-103,-102,-104,-104,-106,-101,-101,-102,-102,-102,-101,-103,-102,-106,-104,-104,-102,-103,-104,-105
95,-102,-102,-103,-103,-105,-102,-104,-101,-104,-102,-104,-104,-100,-102,-106,-100,-103,-105,-104,-102,-102,-103,-101,-102,-102,-101,-103,-104,-103,-104,-102,-103,-106,-103,-104,-103,-104,-104,-104,-103,-102,-100,-104,-103,-101,-105,-102,-102,-104,-103,-104,-105,-103,-103,-104,-102,-104,-103,-104,-109,-102,-102,-104,-108,-103,-103,-103,-101,-105,-103,-105,-104,-104,-103,-103,-102,-101,-102,-106,-102,-103,-102,-103,-104,-107,-101,-102,-102,-103,-102,-102,-103,-102,-105,-104,-105,-102,-103,-105,-105
96,-102,-102,-102,-103,-104,-102,-103,-101,-104,-103,-104,-105,-100,-102,-106,-100,-103,-105,-103,-102,-102,-102,-102,-101,-103,-102,-104,-104,-103,-104,-102,-103,-106,-104,-104,-103,-105,-103,-104,-103,-102,-100,-104,-103,-101,-105,-101,-103,-103,-103,-104,-105,-104,-103,-104,-102,-103,-103,-104,-110,-102,-102,-103,-108,-104,-103,-103,-102,-105,-103,-105,-104,-104,-102,-103,-102,-101,-102,-107,-103,-102,-102,-103,-104,-106,-101,-102,-102,-102,-102,-101,-103,-102,-106,-104,-104,-102,-103,-105,-105
97,-102,-103,-102,-103,-104,-103,-104,-102,-103,-103,-105,-105,-101,-103,-106,-100,-103,-105,-104,-102,-102,-102,-101,-101,-103,-102,-104,-104,-102,-104,-103,-102,-106,-103,-104,-103,-104,-104,-104,-103,-102,-101,-104,-103,-101,-105,-101,-102,-104,-103,-104,-106,-104,-104,-104,-102,-104,-102,-104,-109,-102,-102,-103,-108,-103,-103,-103,-102,-105,-103,-105,-103,-104,-102,-102,-102,-102,-102,-106,-102,-103,-102,-104,-104,-107,-102,-102,-102,-103,-102,-101,-103,-102,-106,-103,-104,-103,-103,-106,-104
98,-102,-103,-102,-103,-104,-103,-104,-100,-103,-103,-105,-105,-101,-101,-106,-98,-103,-105,-104,-102,-102,-102,-101,-103,-103,-100,-104,-104,-104,-104,-103,-102,-106,-103,-104,-103,-104,-104,-104,-103,-102,-99,-104,-103,-103,-105,-101,-102,-102,-103,-104,-106,-104,-104,-104,-102,-102,-102,-104,-109,-102,-102,-103,-108,-103,-103,-103,-104,-103,-105,-105,-105,-106,-102,-102,-102,-100,-102,-106,-102,-103,-100,-104,-104,-107,-102,-102,-102,-103,-102,-103,-103,-102,-106,-105,-104,-103,-103,-106,-104
99,-102,-103,-102,-103,-107,-103,-104,-100,-103,-103,-105,-105,-101,-101,-106,-101,-103,-108,-104,-102,-102,-102,-101,-103,-103,-100,-104,-104,-104,-104,-103,-102,-106,-103,-104,-103,-104,-104,-104,-103,-102,-99,-104,-106,-103,-105,-101,-102,-102,-103,-104,-106,-104,-104,-104,-99,-102,-102,-104,-109,-102,-105,-103,-108,-103,-103,-103,-104,-106,-105,-105,-105,-106,-102,-99,-102,-100,-102,-106,-99,-103,-100,-104,-104,-107,-99,-102,-102,-103,-99,-100,-103,-102,-103,-102,-104,-103,-103,-103,-104
100,-102,-103,-102,-102,-105,-102,-103,-101,-104,-103,-105,-105,-101,-102,-107,-102,-104,-105,-103,-102,-102,-103,-102,-102,-103,-101,-103,-104,-103,-104,-103,-102,-106,-102,-105,-102,-104,-105,-104,-103,-101,-100,-105,-105,-102,-105,-102,-103,-103,-103,-104,-105,-103,-103,-104,-100,-103,-103,-103,-109,-102,-103,-103,-108,-104,-103,-102,-102,-105,-103,-105,-104,-105,-102,-100,-102,-101,-102,-106,-100,-103,-101,-103,-104,-107,-100,-102,-102,-103,-100,-101,-103,-102,-104,-103,-103,-104,-103,-104,-104
101,-103,-103,-102,-103,-105,-102,-104,-102,-103,-103,-105,-105,-102,-102,-106,-101,-104,-105,-103,-102,-102,-102,-102,-102,-102,-101,-103,-104,-102,-104,-103,-102,-106,-103,-104,-103,-105,-104,-104,-103,-101,-100,-105,-104,-103,-105,-101,-102,-103,-103,-104,-105,-103,-103,-104,-101,-104,-103,-104,-109,-102,-102,-104,-108,-103,-103,-102,-103,-104,-104,-105,-104,-104,-101,-101,-102,-100,-103,-106,-101,-103,-102,-103,-104,-106,-101,-102,-103,-103,-101,-102,-103,-103,-105,-103,-104,-102,-103,-104,-104
102,-103,-102,-102,-103,-105,-102,-104,-100,-104,-103,-105,-105,-102,-102,-106,-102,-104,-105,-103,-102,-103,-103,-102,-102,-103,-101,-104,-105,-103,-104,-103,-101,-106,-103,-104,-102,-104,-104,-104,-102,-102,-100,-104,-103,-101,-105,-101,-102,-103,-103,-104,-105,-103,-104,-104,-102,-104,-103,-103,-109,-102,-102,-103,-107,-103,-103,-102,-102,-105,-103,-105,-103,-104,-102,-102,-102,-101,-103,-106,-101,-103,-102,-104,-103,-106,-101,-102,-102,-103,-101,-102,-103,-102,-105,-103,-104,-102,-104,-104,-104
103,-103,-102,-102,-103,-105,-103,-103,-101,-103,-103,-104,-105,-101,-102,-106,-102,-104,-104,-103,-102,-102,-104,-102,-101,-103,-101,-104,-104,-103,-105,-103,-102,-106,-103,-104,-102,-104,-104,-104,-103,-102,-101,-103,-103,-102,-105,-101,-103,-103,-104,-104,-105,-103,-103,-104,-102,-103,-103,-104,-109,-102,-102,-103,-107,-104,-103,-103,-102,-105,-102,-105,-104,-104,-101,-102,-102,-101,-102,-107,-101,-103,-102,-103,-103,-106,-101,-102,-103,-103,-101,-102,-103,-102,-105,-103,-104,-102,-104,-105,-104
104,-103,-102,-102,-104,-105,-102,-104,-101,-103,-103,-104,-105,-102,-102,-106,-102,-104,-104,-103,-102,-102,-104,-102,-101,-102,-101,-103,-104,-102,-105,-103,-102,-106,-103,-103,-102,-105,-104,-104,-103,-102,-101,-103,-103,-102,-105,-101,-103,-103,-103,-104,-105,-103,-103,-104,-102,-103,-103,-103,-109,-102,-102,-103,-107,-104,-103,-102,-102,-105,-103,-105,-104,-105,-101,-103,-102,-102,-103,-106,-102,-103,-103,-103,-103,-106,-101,-102,-102,-103,-102,-102,-103,-102,-105,-103,-104,-102,-104,-105,-104
105,-103,-103,-102,-103,-105,-102,-104,-102,-103,-103,-104,-105,-102,-102,-106,-102,-104,-105,-103,-102,-102,-103,-102,-102,-102,-102,-103,-105,-103,-104,-102,-102,-106,-103,-103,-103,-105,-104,-104,-103,-102,-102,-103,-103,-101,-105,-101,-103,-103,-103,-104,-106,-103,-103,-104,-102,-103,-102,-103,-109,-102,-102,-103,-108,-103,-103,-103,-101,-105,-102,-105,-104,-104,-102,-103,-102,-102,-103,-106,-103,-103,-102,-104,-103,-106,-101,-102,-103,-103,-101,-102,-103,-102,-105,-103,-104,-102,-103,-105,-105
106,-103,-102,-102,-103,-105,-102,-103,-101,-104,-103,-104,-105,-102,-102,-106,-102,-104,-105,-102,-102,-103,-103,-101,-103,-102,-101,-103,-104,-103,-105,-103,-102,-106,-103,-104,-103,-105,-105,-104,-102,-102,-100,-103,-104,-101,-105,-102,-103,-102,-103,-105,-106,-103,-103,-104,-102,-104,-102,-104,-109,-102,-102,-103,-108,-103,-103,-103,-101,-104,-103,-105,-103,-105,-102,-102,-102,-101,-103,-106,-102,-102,-101,-104,-103,-106,-101,-102,-102,-102,-101,-101,-103,-102,-105,-103,-104,-102,-103,-105,-104
107,-103,-102,-102,-104,-104,-101,-104,-101,-104,-103,-104,-105,-102,-102,-105,-102,-104,-105,-103,-103,-102,-103,-101,-103,-102,-101,-103,-104,-103,-105,-103,-102,-105,-103,-104,-103,-104,-104,-105,-102,-101,-100,-104,-104,-101,-105,-102,-103,-102,-103,-104,-105,-103,-103,-104,-102,-104,-102,-104,-109,-102,-102,-103,-108,-103,-103,-102,-101,-104,-103,-105,-104,-104,-102,-101,-102,-101,-103,-106,-103,-102,-101,-104,-103,-106,-102,-102,-103,-102,-101,-102,-103,-102,-105,-103,-104,-102,-103,-105,-104
108,-103,-102,-102,-104,-104,-101,-106,-101,-102,-101,-104,-105,-102,-102,-105,-102,-106,-105,-103,-101,-102,-103,-101,-103,-102,-101,-103,-104,-101,-105,-103,-102,-107,-103,-104,-103,-104,-104,-105,-104,-103,-100,-102,-104,-101,-105,-100,-103,-102,-103,-104,-105,-103,-103,-104,-102,-104,-104,-104,-111,-102,-102,-105,-108,-103,-103,-104,-101,-104,-101,-105,-104,-104,-102,-103,-100,-101,-103,-106,-103,-102,-101,-104,-101,-104,-102,-104,-103,-102,-101,-102,-103,-102,-105,-103,-104,-102,-103,-105,-104
109,-103,-102,-102,-104,-105,-102,-104,-101,-102,-102,-104,-106,-101,-102,-105,-102,-105,-105,-104,-101,-102,-103,-101,-103,-103,-101,-104,-104,-102,-105,-102,-102,-106,-103,-105,-103,-104,-104,-104,-103,-102,-100,-103,-104,-101,-105,-101,-102,-103,-103,-105,-104,-103,-102,-104,-102,-104,-103,-104,-110,-102,-102,-104,-108,-103,-103,-103,-102,-105,-102,-105,-103,-105,-102,-102,-101,-101,-103,-107,-102,-102,-102,-104,-102,-105,-101,-102,-102,-103,-101,-101,-103,-102,-106,-103,-104,-102,-103,-104,-104
110,-103,-101,-101,-103,-105,-102,-104,-101,-103,-103,-104,-106,-102,-102,-105,-102,-104,-105,-103,-102,-103,-103,-102,-102,-103,-102,-103,-104,-102,-105,-102,-102,-106,-103,-105,-103,-104,-104,-105,-103,-102,-100,-103,-103,-101,-105,-102,-103,-103,-103,-104,-105,-103,-103,-104,-102,-104,-103,-104,-110,-102,-102,-104,-108,-103,-103,-104,-101,-104,-103,-105,-103,-104,-102,-103,-102,-101,-102,-106,-103,-103,-102,-104,-102,-105,-101,-101,-102,-103,-101,-102,-103,-102,-106,-103,-104,-102,-103,-105,-105
111,-103,-103,-101,-105,-103,-102,-104,-101,-105,-103,-104,-106,-102,-102,-105,-100,-102,-105,-103,-102,-101,-103,-102,-102,-103,-102,-103,-104,-102,-105,-102,-102,-106,-103,-105,-103,-104,-104,-105,-103,-102,-100,-105,-103,-101,-105,-102,-103,-103,-103,-104,-107,-103,-103,-104,-102,-104,-103,-104,-108,-102,-102,-104,-108,-103,-103,-102,-101,-104,-103,-105,-105,-104,-102,-103,-102,-101,-102,-106,-103,-103,-102,-102,-102,-105,-101,-103,-102,-103,-101,-100,-103,-102,-106,-103,-104,-102,-103,-105,-105
112,-103,-103,-102,-103,-103,-102,-103,-102,-104,-103,-104,-105,-102,-103,-106,-101,-103,-105,-104,-102,-102,-103,-102,-102,-103,-102,-103,-105,-103,-104,-103,-103,-106,-102,-104,-103,-104,-104,-104,-103,-103,-101,-104,-103,-101,-105,-101,-103,-104,-104,-105,-106,-103,-103,-104,-102,-104,-104,-103,-108,-102,-102,-103,-108,-103,-103,-103,-102,-105,-103,-105,-104,-103,-101,-102,-102,-102,-102,-106,-102,-102,-102,-103,-103,-106,-102,-102,-102,-104,-101,-101,-103,-102,-106,-104,-104,-102,-103,-104,-105
113,-103,-103,-103,-102,-104,-102,-103,-101,-105,-103,-105,-105,-102,-102,-106,-102,-103,-105,-103,-102,-103,-104,-101,-102,-103,-102,-104,-105,-102,-105,-103,-103,-106,-102,-104,-102,-104,-104,-104,-103,-102,-101,-104,-103,-101,-105,-101,-103,-104,-104,-104,-105,-103,-103,-104,-102,-104,-103,-104,-108,-101,-102,-103,-108,-103,-104,-103,-102,-104,-104,-105,-104,-104,-101,-102,-102,-102,-102,-106,-102,-102,-103,-103,-102,-106,-102,-102,-102,-103,-102,-101,-103,-103,-106,-103,-104,-102,-104,-104,-105
114,-103,-103,-103,-103,-104,-102,-103,-102,-103,-103,-105,-105,-102,-102,-105,-102,-103,-105,-104,-102,-103,-103,-101,-102,-102,-102,-103,-104,-103,-105,-103,-103,-107,-103,-104,-103,-104,-104,-104,-103,-102,-101,-104,-102,-101,-105,-101,-103,-103,-104,-103,-105,-103,-103,-104,-103,-103,-103,-105,-109,-102,-102,-103,-108,-104,-103,-103,-102,-104,-104,-105,-104,-104,-102,-102,-102,-101,-102,-106,-102,-103,-102,-104,-102,-106,-101,-102,-102,-103,-101,-101,-103,-103,-106,-104,-104,-102,-103,-105,-106
115,-103,-103,-103,-103,-104,-102,-103,-100,-103,-103,-105,-105,-100,-102,-105,-100,-103,-105,-104,-102,-103,-103,-101,-102,-104,-102,-105,-106,-103,-103,-103,-103,-107,-105,-104,-103,-106,-104,-104,-103,-102,-101,-104,-102,-101,-105,-101,-103,-105,-104,-105,-105,-103,-101,-104,-103,-103,-103,-105,-109,-102,-100,-105,-108,-102,-103,-103,-102,-104,-104,-105,-104,-104,-102,-102,-100,-101,-102,-106,-102,-103,-102,-104,-102,-106,-101,-102,-102,-103,-103,-101,-103,-103,-106,-106,-104,-102,-105,-105,-104
116,-103,-102,-103,-104,-105,-102,-104,-101,-104,-103,-105,-105,-101,-102,-105,-101,-104,-105,-103,-102,-103,-103,-101,-103,-103,-102,-104,-104,-102,-104,-103,-102,-107,-103,-104,-102,-104,-105,-104,-103,-103,-102,-103,-102,-101,-105,-101,-103,-103,-104,-104,-105,-104,-102,-104,-103,-104,-103,-105,-110,-103,-101,-104,-107,-103,-103,-103,-103,-104,-103,-106,-104,-104,-102,-103,-101,-101,-102,-106,-102,-102,-103,-103,-102,-106,-102,-102,-102,-103,-102,-101,-103,-102,-106,-104,-104,-102,-104,-105,-104
117,-103,-103,-103,-103,-105,-103,-104,-101,-104,-103,-105,-105,-102,-102,-105,-101,-104,-105,-104,-102,-104,-103,-101,-102,-103,-101,-103,-103,-103,-104,-104,-102,-106,-103,-105,-103,-105,-104,-104,-102,-102,-101,-104,-102,-102,-105,-102,-103,-103,-103,-105,-105,-103,-103,-104,-102,-104,-104,-105,-109,-103,-102,-104,-107,-103,-103,-103,-102,-105,-104,-105,-104,-104,-102,-103,-102,-101,-102,-107,-103,-102,-103,-104,-103,-105,-102,-102,-102,-103,-102,-101,-103,-102,-107,-104,-104,-102,-103,-104,-104
118,-103,-103,-103,-103,-105,-103,-104,-101,-104,-103,-105,-105,-100,-102,-105,-103,-104,-105,-104,-102,-104,-103,-101,-102,-103,-101,-103,-105,-103,-104,-104,-100,-106,-103,-105,-103,-105,-104,-104,-102,-102,-101,-102,-104,-102,-105,-100,-103,-103,-103,-103,-105,-103,-101,-104,-102,-104,-104,-105,-109,-103,-104,-104,-109,-103,-101,-103,-102,-103,-102,-105,-104,-104,-102,-103,-102,-101,-102,-107,-103,-104,-103,-104,-101,-105,-102,-102,-102,-103,-102,-101,-103,-104,-107,-104,-104,-102,-103,-106,-104
119,-103,-103,-103,-103,-105,-103,-105,-101,-104,-103,-105,-105,-100,-102,-105,-102,-105,-105,-103,-102,-103,-104,-102,-103,-102,-102,-104,-105,-103,-104,-103,-101,-106,-103,-104,-103,-105,-104,-104,-102,-102,-101,-103,-104,-101,-105,-101,-103,-103,-103,-104,-105,-103,-102,-104,-102,-105,-104,-104,-109,-102,-103,-104,-108,-104,-102,-102,-102,-104,-103,-105,-104,-104,-103,-103,-102,-101,-102,-107,-103,-102,-103,-104,-102,-105,-102,-101,-103,-103,-102,-101,-103,-103,-106,-104,-104,-102,-103,-104,-105
120,-103,-102,-103,-104,-105,-102,-104,-102,-103,-103,-104,-105,-101,-102,-106,-101,-104,-105,-104,-101,-102,-104,-102,-102,-102,-101,-104,-104,-103,-104,-103,-102,-107,-103,-104,-103,-104,-104,-104,-102,-102,-102,-103,-104,-101,-105,-102,-103,-104,-103,-105,-105,-103,-103,-104,-103,-104,-103,-105,-109,-102,-103,-103,-108,-103,-102,-103,-102,-104,-103,-105,-105,-104,-103,-103,-103,-102,-102,-106,-103,-103,-103,-104,-102,-104,-102,-102,-103,-103,-102,-101,-103,-103,-106,-104,-103,-102,-104,-104,-104
121,-103,-102,-103,-104,-106,-102,-104,-101,-103,-103,-105,-105,-102,-102,-105,-101,-104,-104,-103,-102,-103,-104,-102,-102,-103,-101,-105,-103,-102,-104,-103,-102,-106,-103,-105,-103,-105,-104,-104,-103,-102,-101,-103,-104,-101,-105,-102,-103,-103,-103,-105,-105,-103,-103,-104,-102,-105,-103,-104,-108,-102,-103,-103,-108,-103,-102,-103,-102,-104,-103,-105,-104,-104,-102,-103,-102,-101,-103,-106,-103,-103,-103,-104,-103,-104,-102,-102,-103,-103,-102,-101,-103,-103,-106,-104,-103,-102,-104,-105,-104
122,-103,-102,-103,-104,-106,-102,-104,-103,-103,-103,-103,-105,-102,-102,-105,-103,-104,-104,-103,-102,-103,-104,-104,-100,-103,-101,-105,-105,-102,-104,-103,-102,-106,-103,-105,-103,-105,-104,-104,-101,-102,-99,-105,-102,-101,-105,-102,-103,-105,-103,-105,-105,-103,-103,-104,-102,-105,-103,-106,-108,-102,-101,-103,-108,-103,-102,-103,-102,-104,-103,-105,-104,-104,-102,-103,-102,-99,-103,-106,-101,-103,-103,-104,-103,-104,-102,-102,-103,-103,-102,-101,-103,-103,-106,-104,-105,-102,-104,-103,-104
123,-103,-102,-103,-104,-106,-102,-104,-100,-103,-103,-103,-105,-102,-102,-105,-100,-101,-104,-103,-102,-103,-104,-101,-100,-103,-101,-105,-102,-102,-104,-103,-102,-106,-103,-105,-103,-105,-104,-104,-104,-102,-102,-105,-102,-101,-105,-102,-100,-105,-103,-102,-108,-103,-106,-104,-102,-105,-103,-106,-108,-102,-104,-103,-108,-103,-102,-103,-102,-104,-103,-105,-104,-104,-105,-103,-102,-102,-103,-106,-101,-103,-103,-104,-103,-104,-102,-102,-103,-103,-102,-101,-103,-100,-106,-104,-102,-105,-104,-103,-104
124,-103,-102,-103,-104,-106,-102,-104,-100,-99,-103,-103,-105,-102,-102,-109,-100,-101,-104,-103,-102,-103,-104,-101,-100,-103,-101,-105,-102,-106,-104,-103,-102,-106,-103,-105,-103,-105,-104,-104,-100,-102,-102,-105,-102,-101,-105,-102,-104,-105,-103,-102,-108,-103,-102,-104,-102,-105,-103,-106,-108,-102,-104,-103,-108,-103,-102,-103,-102,-104,-103,-105,-104,-104,-105,-107,-102,-102,-103,-106,-101,-103,-103,-104,-103,-104,-102,-102,-103,-103,-102,-105,-103,-104,-106,-104,-102,-101,-104,-103,-104
125,-103,-102,-103,-100,-106,-102,-104,-100,-99,-103,-103,-105,-102,-102,-105,-104,-105,-104,-103,-102,-103,-104,-101,-104,-107,-101,-105,-102,-102,-104,-103,-102,-106,-103,-109,-103,-105,-104,-104,-100,-102,-98,-105,-102,-105,-105,-102,-104,-105,-103,-102,-104,-103,-106,-104,-102,-105,-103,-106,-112,-102,-104,-103,-108,-103,-102,-103,-102,-104,-103,-105,-104,-104,-105,-103,-102,-102,-103,-106,-105,-103,-103,-104,-103,-104,-102,-102,-103,-103,-102,-101,-103,-100,-106,-104,-106,-101,-104,-107,-104
126,-103,-102,-103,-105,-106,-102,-104,-100,-104,-103,-108,-105,-102,-102,-110,-104,-100,-104,-103,-102,-103,-104,-101,-104,-97,-101,-105,-102,-102,-104,-103,-102,-106,-103,-104,-103,-105,-104,-104,-105,-102,-103,-105,-102,-105,-105,-102,-104,-100,-103,-102,-104,-103,-106,-104,-102,-105,-103,-106,-107,-102,-104,-103,-113,-103,-102,-103,-102,-104,-103,-105,-104,-104,-100,-108,-102,-102,-103,-106,-105,-98,-103,-104,-103,-104,-102,-102,-103,-103,-102,-101,-103,-100,-106,-104,-106,-101,-104,-107,-104
127,-103,-102,-103,-104,-104,-102,-104,-101,-104,-103,-107,-105,-102,-102,-107,-103,-101,-104,-103,-102,-104,-104,-101,-103,-98,-102,-105,-103,-102,-105,-104,-102,-106,-103,-103,-102,-105,-104,-104,-104,-103,-101,-106,-102,-104,-105,-103,-103,-101,-104,-103,-104,-104,-104,-104,-102,-106,-104,-105,-108,-102,-103,-104,-108,-104,-103,-104,-103,-104,-103,-105,-105,-105,-101,-104,-102,-102,-103,-106,-104,-99,-102,-104,-103,-105,-101,-102,-103,-104,-102,-102,-103,-101,-106,-104,-105,-102,-104,-105,-104
128,-103,-103,-103,-103,-104,-102,-104,-102,-104,-103,-106,-105,-103,-102,-107,-102,-102,-104,-103,-102,-103,-104,-102,-102,-99,-102,-104,-104,-102,-105,-103,-102,-106,-103,-103,-103,-104,-104,-104,-103,-102,-101,-105,-102,-104,-105,-102,-104,-102,-104,-104,-105,-104,-103,-104,-102,-105,-103,-106,-109,-102,-104,-104,-108,-104,-103,-104,-103,-104,-104,-105,-104,-104,-102,-103,-102,-102,-103,-106,-103,-100,-102,-104,-103,-105,-102,-101,-103,-102,-102,-103,-103,-102,-106,-104,-105,-101,-103,-105,-105
129,-103,-102,-103,-103,-105,-102,-104,-101,-104,-103,-106,-105,-102,-102,-107,-101,-102,-104,-103,-102,-103,-104,-102,-102,-100,-102,-103,-103,-103,-105,-103,-103,-106,-103,-104,-103,-104,-105,-104,-103,-101,-100,-104,-101,-103,-105,-102,-102,-103,-103,-104,-106,-103,-103,-104,-102,-105,-103,-105,-109,-102,-102,-104,-108,-103,-103,-103,-103,-104,-103,-105,-103,-104,-103,-103,-102,-103,-102,-106,-103,-101,-102,-104,-102,-106,-102,-101,-102,-103,-102,-102,-103,-102,-105,-104,-105,-101,-103,-105,-105
130,-103,-103,-103,-103,-104,-103,-104,-101,-103,-102,-106,-105,-102,-102,-107,-101,-102,-104,-103,-102,-102,-103,-101,-102,-101,-102,-104,-104,-102,-104,-103,-102,-106,-103,-104,-103,-104,-104,-104,-102,-102,-100,-105,-101,-103,-105,-102,-102,-104,-103,-105,-106,-103,-103,-104,-102,-103,-103,-104,-109,-102,-102,-103,-108,-103,-103,-103,-102,-104,-103,-105,-103,-105,-102,-103,-102,-102,-103,-106,-102,-101,-102,-104,-103,-107,-101,-102,-102,-103,-102,-102,-103,-102,-105,-104,-104,-101,-103,-104,-103
131,-103,-103,-102,-103,-104,-104,-103,-101,-104,-102,-105,-105,-102,-102,-106,-101,-103,-104,-103,-102,-102,-103,-101,-102,-102,-102,-103,-104,-102,-104,-103,-102,-106,-103,-104,-103,-104,-104,-104,-102,-103,-100,-105,-102,-103,-105,-102,-103,-103,-104,-104,-106,-103,-103,-104,-102,-104,-104,-104,-109,-102,-102,-103,-108,-103,-103,-104,-103,-104,-103,-105,-103,-104,-102,-102,-102,-101,-102,-106,-101,-102,-102,-104,-103,-106,-101,-102,-102,-102,-102,-102,-102,-102,-105,-104,-104,-101,-103,-104,-104
132,-103,-103,-102,-103,-106,-104,-105,-101,-104,-102,-105,-105,-102,-102,-106,-101,-103,-104,-103,-102,-104,-103,-101,-102,-102,-102,-103,-104,-104,-106,-103,-102,-106,-103,-104,-103,-102,-104,-106,-102,-101,-100,-103,-102,-103,-105,-100,-103,-103,-104,-104,-106,-105,-103,-104,-102,-104,-104,-106,-109,-102,-102,-103,-108,-103,-103,-102,-101,-104,-101,-105,-103,-104,-104,-102,-102,-101,-102,-106,-103,-102,-102,-104,-103,-104,-101,-102,-102,-102,-102,-100,-102,-102,-105,-104,-104,-99,-103,-104,-104
133,-103,-103,-103,-104,-105,-103,-104,-102,-103,-103,-105,-105,-102,-102,-107,-101,-104,-104,-104,-102,-103,-103,-102,-102,-102,-102,-104,-104,-103,-105,-103,-103,-106,-103,-103,-103,-103,-104,-104,-103,-101,-101,-104,-102,-102,-105,-100,-102,-104,-104,-105,-105,-104,-103,-104,-102,-103,-104,-104,-110,-102,-102,-103,-108,-104,-103,-102,-101,-105,-102,-105,-103,-104,-102,-103,-102,-102,-102,-106,-104,-101,-102,-103,-102,-105,-101,-102,-102,-103,-101,-101,-102,-103,-105,-104,-103,-100,-103,-104,-103
134,-103,-102,-103,-104,-105,-104,-104,-102,-103,-103,-105,-105,-102,-102,-106,-101,-103,-105,-103,-103,-103,-103,-102,-102,-102,-102,-104,-104,-103,-105,-103,-102,-106,-103,-104,-102,-104,-103,-104,-103,-101,-101,-104,-102,-102,-105,-100,-102,-103,-104,-104,-105,-103,-103,-104,-102,-104,-102,-105,-109,-102,-102,-103,-108,-103,-103,-103,-102,-104,-103,-105,-103,-104,-102,-102,-103,-102,-102,-107,-104,-102,-102,-104,-103,-105,-102,-102,-102,-103,-102,-101,-102,-103,-105,-103,-103,-101,-103,-105,-104
135,-103,-102,-101,-104,-105,-104,-104,-100,-103,-103,-105,-105,-102,-102,-106,-101,-103,-105,-105,-101,-101,-103,-102,-102,-102,-102,-104,-104,-103,-105,-103,-104,-106,-103,-104,-102,-106,-103,-104,-103,-103,-101,-104,-102,-102,-105,-102,-104,-101,-104,-104,-105,-103,-103,-104,-102,-104,-102,-103,-109,-102,-102,-103,-108,-103,-103,-103,-102,-104,-101,-105,-105,-104,-102,-102,-101,-102,-102,-107,-104,-102,-102,-102,-105,-105,-102,-102,-102,-101,-102,-101,-102,-103,-105,-103,-103,-103,-103,-105,-104
136,-103,-103,-102,-103,-105,-103,-103,-101,-103,-102,-105,-105,-101,-102,-106,-101,-103,-105,-104,-101,-102,-103,-102,-103,-103,-102,-104,-104,-103,-105,-103,-103,-106,-103,-104,-103,-105,-104,-104,-102,-101,-101,-105,-103,-102,-105,-102,-103,-102,-104,-105,-105,-103,-103,-104,-102,-104,-102,-104,-109,-102,-102,-103,-108,-103,-103,-102,-102,-104,-102,-105,-104,-104,-102,-102,-102,-102,-103,-107,-104,-103,-102,-103,-103,-105,-102,-101,-102,-101,-101,-102,-102,-103,-105,-103,-103,-102,-103,-105,-105
137,-103,-102,-102,-102,-106,-103,-103,-101,-103,-102,-105,-105,-101,-102,-106,-102,-103,-105,-103,-101,-103,-103,-102,-103,-103,-102,-104,-104,-102,-105,-103,-103,-106,-103,-104,-103,-104,-104,-104,-102,-101,-100,-105,-103,-102,-105,-102,-102,-103,-104,-104,-105,-103,-103,-104,-103,-104,-103,-104,-109,-102,-101,-103,-108,-104,-103,-103,-101,-104,-102,-105,-104,-104,-102,-102,-103,-101,-102,-107,-103,-103,-102,-104,-103,-106,-102,-101,-102,-102,-101,-102,-102,-103,-105,-103,-104,-101,-103,-105,-105
138,-103,-100,-102,-102,-104,-101,-103,-101,-103,-102,-105,-105,-101,-100,-106,-102,-103,-105,-103,-101,-103,-103,-102,-103,-103,-102,-104,-104,-104,-103,-103,-103,-106,-103,-106,-103,-104,-104,-104,-102,-101,-100,-105,-103,-102,-105,-102,-102,-103,-104,-104,-105,-103,-103,-104,-103,-102,-103,-104,-109,-102,-103,-103,-108,-104,-105,-103,-101,-104,-102,-105,-104,-106,-102,-102,-103,-101,-102,-107,-103,-103,-102,-102,-103,-106,-100,-101,-102,-104,-101,-102,-102,-103,-105,-103,-104,-101,-103,-103,-105
139,-103,-101,-102,-103,-103,-101,-103,-101,-104,-103,-104,-105,-101,-100,-106,-102,-103,-105,-104,-101,-102,-103,-102,-102,-102,-102,-104,-104,-103,-104,-103,-102,-106,-103,-104,-102,-105,-104,-104,-102,-101,-100,-104,-102,-102,-105,-102,-103,-102,-104,-105,-105,-104,-104,-104,-102,-103,-102,-105,-109,-101,-103,-103,-108,-103,-104,-103,-101,-104,-102,-105,-103,-105,-101,-103,-103,-100,-102,-107,-102,-103,-103,-102,-103,-106,-101,-102,-102,-103,-102,-101,-102,-103,-106,-104,-104,-101,-104,-104,-105
140,-103,-101,-103,-103,-104,-101,-104,-102,-103,-103,-104,-104,-101,-100,-107,-101,-104,-105,-103,-101,-103,-103,-102,-103,-102,-101,-104,-104,-102,-104,-102,-103,-107,-103,-105,-103,-105,-104,-105,-102,-102,-101,-104,-102,-101,-105,-102,-102,-103,-103,-104,-105,-103,-104,-104,-102,-103,-103,-104,-109,-102,-103,-103,-107,-104,-104,-102,-102,-104,-103,-105,-103,-105,-102,-102,-103,-101,-103,-106,-102,-102,-103,-103,-102,-106,-101,-102,-102,-103,-102,-102,-102,-102,-105,-103,-104,-102,-103,-104,-104
141,-103,-102,-103,-103,-104,-102,-103,-101,-104,-102,-104,-104,-102,-100,-107,-101,-103,-105,-103,-101,-102,-103,-101,-103,-102,-101,-104,-104,-103,-104,-103,-102,-106,-103,-104,-103,-105,-104,-105,-103,-102,-101,-104,-103,-102,-105,-102,-103,-102,-104,-104,-105,-103,-103,-104,-102,-103,-103,-104,-109,-102,-103,-103,-108,-104,-104,-103,-102,-104,-102,-105,-104,-105,-102,-102,-102,-101,-102,-106,-102,-103,-102,-104,-102,-106,-102,-102,-102,-103,-102,-101,-102,-103,-105,-103,-104,-102,-103,-105,-105
142,-103,-102,-103,-103,-104,-102,-103,-101,-106,-102,-104,-104,-102,-100,-107,-101,-103,-105,-103,-103,-102,-103,-101,-101,-102,-101,-104,-104,-101,-104,-103,-102,-106,-103,-102,-103,-105,-104,-105,-101,-102,-99,-106,-103,-100,-105,-102,-101,-102,-104,-104,-105,-103,-103,-104,-102,-103,-103,-104,-109,-102,-103,-103,-108,-104,-102,-103,-102,-104,-104,-105,-104,-105,-102,-104,-102,-101,-102,-106,-102,-103,-102,-102,-104,-106,-102,-102,-102,-103,-102,-103,-102,-103,-105,-105,-102,-102,-103,-105,-105
143,-103,-102,-103,-103,-104,-102,-103,-101,-106,-102,-104,-104,-102,-100,-107,-104,-103,-105,-103,-103,-102,-103,-101,-101,-102,-101,-104,-107,-104,-104,-103,-102,-106,-103,-105,-103,-105,-104,-108,-104,-102,-102,-106,-103,-100,-105,-102,-101,-102,-104,-104,-105,-103,-103,-104,-102,-103,-103,-107,-109,-102,-103,-103,-108,-104,-102,-103,-102,-104,-104,-105,-104,-105,-102,-101,-102,-101,-102,-106,-102,-106,-102,-105,-101,-106,-102,-102,-102,-103,-102,-100,-102,-100,-105,-102,-102,-102,-103,-105,-105
144,-103,-102,-103,-103,-105,-103,-103,-101,-104,-102,-104,-105,-102,-101,-106,-103,-104,-105,-102,-104,-102,-103,-102,-102,-103,-101,-104,-104,-104,-105,-103,-103,-106,-103,-105,-102,-105,-104,-106,-103,-102,-101,-105,-103,-101,-105,-101,-102,-103,-104,-104,-105,-104,-103,-104,-103,-104,-103,-105,-109,-101,-103,-103,-108,-104,-102,-103,-102,-104,-103,-105,-104,-104,-102,-102,-102,-101,-102,-107,-102,-103,-103,-104,-102,-107,-102,-102,-103,-103,-102,-101,-102,-101,-106,-103,-103,-102,-104,-106,-106
145,-103,-102,-103,-104,-104,-102,-104,-102,-104,-102,-105,-105,-102,-101,-106,-102,-104,-105,-102,-103,-102,-103,-101,-102,-102,-101,-104,-105,-103,-105,-103,-103,-106,-103,-105,-103,-105,-104,-105,-103,-102,-101,-104,-103,-101,-105,-101,-102,-103,-104,-104,-105,-104,-103,-104,-102,-104,-103,-105,-110,-102,-103,-103,-107,-103,-102,-103,-103,-104,-103,-105,-104,-104,-102,-102,-102,-101,-102,-106,-103,-102,-103,-104,-102,-106,-102,-102,-103,-103,-101,-101,-102,-102,-105,-104,-103,-102,-104,-105,-104
146,-103,-102,-103,-103,-105,-103,-104,-100,-104,-102,-105,-105,-103,-101,-106,-102,-104,-105,-102,-103,-103,-103,-102,-102,-103,-101,-104,-104,-103,-105,-103,-102,-106,-103,-105,-103,-106,-104,-104,-103,-102,-101,-104,-103,-102,-105,-102,-103,-103,-103,-105,-105,-103,-103,-104,-101,-104,-103,-104,-109,-102,-103,-103,-107,-103,-102,-103,-102,-104,-103,-105,-104,-104,-102,-103,-102,-101,-103,-106,-103,-102,-103,-104,-102,-106,-102,-102,-102,-103,-102,-100,-102,-102,-105,-105,-104,-102,-103,-105,-104
147,-103,-102,-103,-103,-105,-103,-104,-102,-102,-102,-105,-105,-101,-101,-106,-102,-104,-105,-102,-103,-103,-103,-102,-102,-103,-101,-104,-104,-103,-105,-103,-100,-108,-103,-105,-103,-104,-104,-104,-101,-102,-101,-104,-103,-102,-105,-102,-103,-103,-103,-105,-105,-103,-103,-104,-103,-104,-103,-106,-109,-102,-103,-103,-107,-103,-102,-105,-102,-102,-103,-105,-104,-104,-102,-103,-102,-103,-103,-106,-103,-102,-103,-102,-102,-106,-102,-104,-102,-101,-102,-102,-102,-102,-105,-103,-104,-100,-103,-103,-104
148,-103,-103,-103,-104,-105,-104,-104,-100,-103,-103,-105,-104,-101,-101,-105,-101,-104,-105,-103,-103,-103,-103,-102,-102,-102,-102,-104,-104,-103,-105,-103,-101,-107,-103,-105,-103,-105,-104,-104,-102,-102,-101,-104,-102,-102,-105,-102,-102,-103,-103,-105,-105,-103,-103,-104,-102,-104,-103,-104,-109,-102,-103,-104,-107,-103,-102,-103,-102,-103,-102,-105,-105,-104,-101,-102,-103,-102,-102,-107,-102,-102,-103,-103,-102,-106,-102,-103,-102,-101,-101,-101,-102,-103,-105,-103,-103,-101,-103,-104,-104
149,-103,-102,-103,-103,-105,-103,-104,-101,-103,-103,-104,-105,-100,-102,-106,-101,-104,-105,-103,-103,-103,-104,-102,-103,-102,-101,-104,-104,-103,-105,-103,-102,-107,-103,-105,-102,-105,-104,-104,-101,-101,-102,-104,-102,-102,-105,-102,-102,-104,-103,-105,-105,-103,-103,-104,-102,-104,-103,-104,-109,-102,-103,-103,-107,-103,-102,-103,-102,-104,-102,-105,-103,-104,-102,-102,-102,-102,-102,-107,-103,-103,-103,-103,-103,-107,-101,-102,-102,-102,-102,-102,-102,-103,-105,-103,-104,-102,-104,-104,-105
150,-103,-102,-103,-103,-104,-103,-104,-102,-103,-103,-104,-105,-101,-101,-106,-101,-104,-105,-103,-103,-103,-104,-102,-102,-103,-101,-104,-104,-102,-104,-103,-102,-107,-103,-105,-102,-105,-104,-105,-102,-101,-101,-104,-102,-103,-105,-101,-103,-104,-104,-105,-105,-103,-103,-104,-102,-103,-103,-105,-109,-102,-103,-103,-108,-103,-103,-103,-102,-104,-103,-105,-104,-104,-102,-102,-102,-101,-103,-106,-102,-103,-103,-103,-103,-105,-102,-102,-102,-102,-103,-102,-102,-103,-105,-103,-103,-103,-103,-104,-105
151,-103,-102,-103,-103,-104,-103,-104,-101,-103,-103,-104,-105,-102,-102,-106,-102,-104,-105,-103,-103,-102,-103,-102,-103,-104,-101,-104,-104,-103,-105,-103,-102,-107,-103,-104,-103,-105,-104,-104,-103,-102,-101,-103,-103,-101,-105,-101,-102,-104,-104,-105,-106,-104,-104,-104,-102,-103,-103,-105,-110,-103,-103,-103,-107,-103,-103,-103,-102,-104,-103,-105,-104,-105,-103,-102,-102,-102,-102,-106,-102,-103,-103,-104,-102,-106,-102,-102,-102,-102,-102,-101,-102,-103,-105,-104,-104,-102,-103,-104,-104
152,-103,-103,-102,-103,-104,-103,-104,-101,-104,-103,-104,-105,-102,-102,-106,-101,-104,-105,-104,-103,-102,-103,-102,-102,-103,-101,-103,-104,-103,-104,-103,-103,-107,-103,-104,-103,-105,-104,-104,-103,-102,-101,-103,-103,-101,-105,-102,-103,-104,-103,-105,-105,-103,-104,-104,-102,-103,-102,-105,-109,-103,-102,-103,-108,-103,-103,-103,-101,-104,-103,-105,-104,-105,-102,-102,-102,-101,-103,-106,-103,-103,-103,-104,-103,-106,-102,-102,-102,-102,-102,-102,-102,-102,-106,-104,-103,-102,-103,-105,-104
153,-103,-103,-104,-101,-104,-105,-104,-101,-104,-103,-104,-105,-102,-102,-104,-101,-104,-105,-104,-103,-102,-105,-102,-102,-103,-101,-103,-104,-103,-104,-103,-101,-107,-103,-104,-103,-105,-104,-104,-103,-102,-101,-103,-103,-103,-105,-100,-103,-104,-103,-103,-105,-103,-104,-104,-102,-103,-102,-105,-109,-101,-102,-103,-106,-105,-103,-103,-101,-104,-103,-105,-104,-105,-102,-100,-104,-101,-103,-108,-101,-103,-103,-104,-103,-106,-102,-102,-102,-102,-102,-102,-102,-102,-106,-104,-105,-102,-105,-105,-104
154,-103,-102,-103,-102,-104,-104,-104,-102,-104,-103,-104,-106,-101,-102,-105,-101,-104,-105,-104,-102,-102,-103,-101,-102,-103,-100,-104,-105,-102,-104,-103,-102,-106,-103,-104,-103,-105,-104,-104,-103,-102,-101,-104,-102,-102,-105,-100,-103,-104,-103,-103,-106,-103,-103,-104,-102,-104,-102,-105,-109,-102,-102,-104,-106,-104,-103,-104,-102,-104,-103,-105,-104,-104,-102,-101,-102,-102,-102,-107,-102,-103,-102,-103,-103,-106,-102,-102,-103,-102,-102,-101,-102,-102,-106,-104,-104,-102,-104,-105,-104
155,-103,-103,-103,-102,-104,-104,-104,-102,-104,-103,-104,-106,-101,-102,-105,-101,-104,-105,-104,-102,-102,-103,-101,-103,-103,-101,-103,-104,-102,-105,-103,-102,-107,-103,-104,-103,-105,-104,-104,-103,-102,-101,-104,-103,-102,-105,-101,-103,-104,-103,-104,-106,-103,-103,-104,-102,-103,-103,-104,-110,-102,-102,-104,-107,-103,-103,-103,-102,-104,-103,-105,-104,-104,-102,-101,-102,-101,-102,-106,-103,-103,-102,-103,-103,-106,-102,-102,-102,-102,-101,-101,-102,-102,-105,-104,-105,-102,-104,-106,-104
156,-104,-103,-103,-102,-104,-103,-103,-102,-104,-103,-104,-105,-101,-102,-105,-101,-104,-105,-104,-102,-103,-104,-101,-102,-103,-101,-103,-104,-103,-105,-103,-102,-106,-103,-104,-102,-105,-104,-104,-103,-102,-101,-104,-103,-101,-105,-101,-103,-103,-103,-104,-105,-103,-103,-104,-102,-103,-103,-104,-109,-102,-102,-103,-107,-103,-103,-103,-102,-105,-103,-105,-104,-104,-102,-102,-102,-102,-102,-106,-103,-104,-102,-104,-104,-107,-102,-102,-102,-103,-102,-101,-102,-102,-106,-104,-104,-101,-104,-105,-105
157,-104,-103,-103,-102,-105,-102,-103,-102,-104,-103,-105,-105,-102,-102,-106,-102,-104,-105,-103,-103,-103,-103,-101,-102,-103,-102,-103,-104,-102,-105,-103,-103,-106,-103,-104,-103,-105,-104,-104,-103,-102,-101,-104,-102,-101,-105,-102,-104,-103,-103,-105,-105,-103,-104,-104,-102,-103,-103,-104,-108,-102,-102,-103,-108,-103,-103,-103,-101,-105,-103,-105,-103,-104,-101,-102,-102,-101,-102,-106,-102,-102,-103,-104,-104,-106,-102,-102,-102,-102,-101,-102,-102,-101,-106,-104,-104,-102,-104,-106,-105
158,-103,-102,-103,-103,-104,-103,-104,-102,-104,-102,-104,-105,-102,-102,-106,-101,-103,-105,-103,-103,-102,-103,-101,-102,-103,-101,-103,-104,-103,-105,-102,-103,-106,-104,-104,-103,-105,-104,-105,-103,-102,-101,-104,-102,-101,-105,-101,-102,-103,-103,-104,-105,-103,-104,-104,-102,-103,-103,-104,-109,-102,-102,-103,-108,-103,-103,-102,-102,-105,-103,-105,-103,-104,-102,-102,-102,-102,-102,-106,-102,-103,-102,-104,-103,-106,-102,-102,-102,-103,-101,-101,-102,-102,-106,-104,-104,-101,-104,-105,-104
159,-103,-103,-103,-103,-104,-103,-103,-102,-104,-102,-105,-105,-102,-103,-106,-101,-103,-105,-103,-103,-103,-103,-101,-102,-103,-101,-103,-104,-103,-105,-102,-102,-107,-103,-104,-103,-106,-103,-104,-103,-102,-101,-104,-102,-101,-105,-102,-103,-103,-103,-104,-105,-103,-103,-104,-102,-103,-103,-104,-109,-102,-102,-103,-108,-104,-103,-102,-102,-104,-103,-105,-104,-104,-102,-102,-102,-102,-103,-106,-102,-103,-103,-103,-104,-107,-102,-102,-102,-103,-101,-102,-102,-102,-105,-104,-104,-100,-103,-105,-104
160,-103,-101,-103,-103,-104,-103,-103,-102,-104,-102,-105,-105,-102,-103,-104,-101,-103,-105,-103,-103,-105,-103,-101,-102,-101,-101,-103,-104,-103,-105,-102,-104,-107,-101,-104,-101,-104,-103,-106,-103,-102,-101,-104,-102,-103,-105,-102,-103,-103,-103,-104,-105,-103,-103,-104,-102,-103,-101,-104,-111,-102,-102,-103,-108,-102,-103,-104,-102,-104,-103,-105,-104,-106,-100,-102,-102,-102,-101,-106,-102,-101,-103,-103,-104,-107,-102,-102,-102,-103,-103,-102,-102,-102,-105,-102,-104,-100,-103,-105,-104
161,-103,-102,-103,-103,-105,-103,-104,-102,-104,-102,-105,-105,-102,-102,-105,-101,-103,-105,-104,-103,-103,-103,-101,-103,-101,-101,-104,-104,-103,-105,-103,-103,-106,-101,-103,-102,-104,-103,-105,-103,-102,-101,-104,-102,-102,-105,-102,-102,-103,-103,-104,-105,-104,-103,-104,-102,-104,-102,-104,-110,-102,-102,-103,-108,-102,-103,-103,-102,-104,-103,-105,-103,-105,-101,-102,-102,-102,-102,-106,-102,-102,-103,-104,-104,-106,-101,-102,-102,-102,-101,-101,-103,-103,-105,-103,-104,-101,-103,-105,-104
162,-103,-102,-103,-103,-105,-103,-102,-102,-104,-102,-105,-103,-102,-100,-105,-101,-103,-105,-102,-103,-103,-101,-101,-103,-101,-101,-104,-104,-101,-105,-103,-103,-106,-101,-105,-102,-104,-105,-105,-103,-102,-101,-104,-104,-102,-105,-102,-102,-103,-103,-104,-105,-102,-103,-104,-102,-104,-104,-104,-110,-102,-102,-105,-108,-102,-103,-103,-102,-104,-103,-105,-103,-103,-101,-102,-102,-100,-102,-106,-102,-102,-101,-104,-104,-106,-101,-104,-102,-102,-101,-101,-103,-103,-105,-105,-104,-101,-103,-105,-104
163,-103,-102,-103,-103,-104,-102,-103,-102,-105,-103,-106,-104,-102,-101,-105,-101,-104,-105,-102,-103,-103,-102,-102,-102,-102,-102,-103,-104,-102,-105,-103,-102,-106,-102,-105,-102,-103,-104,-104,-103,-102,-101,-105,-103,-102,-105,-101,-103,-104,-103,-104,-105,-103,-104,-104,-101,-103,-103,-103,-110,-102,-103,-103,-108,-102,-103,-103,-101,-105,-103,-105,-104,-103,-102,-102,-103,-101,-101,-107,-102,-102,-102,-103,-103,-107,-101,-102,-102,-102,-102,-101,-102,-103,-105,-104,-104,-102,-104,-105,-103
164,-103,-103,-103,-104,-104,-102,-104,-102,-104,-103,-104,-104,-102,-101,-105,-101,-103,-105,-103,-103,-103,-103,-102,-102,-102,-101,-104,-105,-102,-105,-103,-103,-106,-102,-104,-102,-103,-104,-104,-103,-102,-101,-104,-104,-102,-105,-101,-103,-103,-104,-105,-105,-103,-104,-104,-102,-103,-103,-104,-110,-102,-102,-103,-108,-103,-103,-103,-102,-105,-103,-105,-103,-103,-102,-102,-102,-101,-102,-106,-103,-103,-102,-104,-103,-106,-102,-102,-102,-102,-102,-101,-102,-103,-105,-104,-104,-102,-103,-105,-104
165,-103,-103,-103,-104,-104,-102,-104,-102,-104,-101,-106,-104,-100,-101,-107,-101,-103,-103,-101,-103,-103,-103,-102,-102,-104,-101,-104,-105,-102,-105,-103,-103,-106,-102,-104,-102,-105,-104,-104,-103,-102,-101,-102,-106,-102,-105,-103,-103,-103,-104,-103,-105,-103,-104,-104,-100,-103,-103,-104,-110,-102,-102,-105,-106,-103,-103,-103,-102,-105,-103,-105,-103,-103,-102,-102,-102,-101,-102,-106,-101,-103,-102,-102,-103,-106,-102,-102,-102,-102,-102,-101,-102,-103,-107,-104,-104,-102,-103,-105,-104
166,-103,-103,-103,-104,-104,-101,-104,-102,-103,-102,-105,-104,-100,-102,-107,-101,-104,-104,-102,-103,-103,-103,-102,-102,-102,-102,-104,-104,-103,-105,-103,-102,-106,-102,-104,-102,-105,-103,-104,-102,-102,-102,-103,-104,-102,-105,-101,-104,-103,-103,-103,-104,-103,-103,-104,-101,-103,-104,-104,-109,-102,-102,-104,-107,-103,-103,-103,-103,-104,-103,-105,-104,-103,-102,-102,-102,-102,-102,-106,-102,-102,-102,-103,-103,-106,-102,-102,-102,-102,-103,-102,-102,-102,-106,-104,-104,-102,-104,-105,-105
167,-103,-103,-103,-103,-105,-102,-102,-102,-103,-102,-106,-104,-101,-102,-106,-101,-104,-104,-103,-103,-103,-103,-102,-102,-103,-102,-104,-104,-102,-104,-103,-102,-106,-102,-105,-103,-105,-104,-104,-102,-102,-100,-103,-103,-102,-105,-102,-103,-104,-103,-104,-105,-103,-104,-104,-101,-103,-103,-104,-109,-102,-102,-104,-107,-103,-103,-103,-102,-104,-103,-105,-104,-104,-102,-102,-102,-102,-102,-106,-102,-102,-102,-103,-103,-105,-102,-102,-103,-102,-102,-102,-102,-102,-106,-103,-104,-102,-104,-104,-105
168,-103,-102,-103,-103,-105,-102,-103,-101,-104,-102,-105,-104,-102,-102,-106,-102,-104,-105,-103,-103,-103,-103,-102,-102,-102,-102,-104,-105,-102,-105,-103,-102,-106,-102,-104,-103,-104,-104,-104,-102,-102,-101,-104,-103,-103,-105,-102,-102,-103,-104,-104,-105,-103,-104,-104,-102,-104,-103,-104,-109,-102,-102,-103,-108,-103,-104,-103,-101,-104,-102,-105,-104,-105,-102,-102,-102,-102,-102,-106,-101,-102,-102,-103,-103,-105,-101,-102,-102,-102,-102,-102,-102,-102,-106,-103,-104,-102,-104,-104,-104
169,-103,-102,-103,-104,-104,-101,-103,-101,-104,-102,-105,-104,-102,-102,-106,-101,-104,-105,-103,-103,-101,-103,-102,-102,-103,-102,-104,-104,-103,-105,-102,-102,-106,-103,-104,-103,-104,-104,-104,-102,-102,-101,-104,-103,-102,-105,-102,-103,-103,-103,-104,-105,-103,-103,-104,-102,-104,-104,-105,-109,-102,-102,-103,-108,-103,-103,-103,-102,-104,-103,-105,-104,-103,-102,-102,-102,-102,-102,-106,-102,-102,-102,-103,-103,-105,-101,-102,-102,-102,-101,-101,-102,-102,-106,-103,-104,-101,-104,-104,-105
170,-103,-103,-103,-103,-104,-102,-103,-101,-104,-103,-105,-104,-102,-102,-106,-101,-104,-105,-103,-103,-101,-103,-102,-101,-103,-102,-104,-104,-103,-105,-103,-101,-107,-103,-104,-103,-104,-104,-104,-102,-102,-101,-104,-102,-102,-105,-102,-103,-103,-103,-104,-105,-104,-103,-104,-102,-104,-102,-104,-108,-102,-102,-103,-108,-103,-103,-103,-103,-104,-103,-105,-104,-103,-102,-102,-102,-102,-102,-106,-102,-103,-102,-104,-103,-105,-102,-102,-102,-102,-101,-101,-102,-102,-106,-103,-104,-101,-104,-104,-104
171,-103,-103,-103,-103,-105,-102,-103,-101,-104,-103,-104,-105,-102,-102,-106,-101,-104,-105,-103,-103,-102,-103,-102,-102,-102,-102,-104,-104,-103,-105,-102,-102,-107,-103,-105,-102,-104,-104,-104,-102,-102,-102,-103,-102,-102,-105,-103,-103,-104,-103,-104,-105,-104,-103,-104,-102,-104,-102,-104,-108,-102,-101,-104,-108,-104,-103,-103,-102,-104,-103,-105,-104,-103,-101,-102,-102,-102,-102,-106,-102,-102,-102,-104,-103,-105,-102,-101,-102,-102,-101,-102,-102,-102,-106,-103,-104,-102,-104,-105,-104
172,-103,-101,-103,-103,-103,-104,-105,-101,-104,-103,-102,-107,-102,-102,-106,-101,-104,-105,-103,-103,-102,-103,-100,-102,-102,-102,-104,-104,-103,-103,-102,-102,-105,-103,-103,-102,-104,-104,-104,-104,-102,-102,-103,-102,-102,-105,-103,-103,-104,-103,-106,-105,-102,-103,-104,-102,-102,-102,-104,-108,-104,-101,-104,-108,-104,-103,-103,-102,-106,-103,-105,-104,-103,-101,-102,-102,-102,-102,-106,-102,-102,-102,-104,-103,-107,-102,-99,-102,-102,-101,-102,-102,-102,-106,-103,-104,-104,-104,-103,-104
173,-103,-102,-103,-102,-104,-104,-104,-102,-104,-103,-103,-106,-103,-102,-105,-100,-103,-105,-102,-103,-102,-104,-101,-101,-103,-102,-104,-104,-103,-104,-103,-102,-106,-103,-103,-102,-104,-104,-105,-102,-102,-101,-103,-103,-102,-105,-102,-103,-103,-104,-104,-105,-102,-104,-104,-103,-103,-103,-105,-108,-103,-102,-104,-108,-104,-103,-103,-103,-105,-104,-105,-103,-103,-101,-102,-102,-101,-103,-106,-102,-102,-102,-104,-103,-106,-102,-100,-102,-102,-102,-102,-102,-103,-106,-103,-104,-103,-104,-103,-104
174,-103,-104,-103,-104,-104,-104,-104,-102,-104,-103,-103,-106,-101,-102,-105,-102,-103,-105,-104,-101,-102,-104,-103,-101,-101,-102,-102,-104,-103,-106,-103,-102,-106,-103,-103,-102,-106,-104,-103,-102,-100,-99,-103,-103,-102,-105,-100,-103,-103,-104,-104,-105,-102,-102,-104,-101,-105,-105,-105,-108,-101,-102,-104,-108,-104,-103,-101,-101,-105,-102,-105,-103,-103,-101,-102,-102,-101,-103,-106,-102,-102,-102,-104,-103,-106,-102,-100,-102,-102,-102,-102,-102,-103,-106,-103,-104,-101,-104,-103,-106
175,-103,-102,-103,-104,-105,-103,-103,-102,-104,-103,-104,-105,-102,-102,-106,-101,-104,-105,-103,-101,-103,-103,-103,-102,-102,-101,-103,-104,-103,-105,-102,-103,-106,-103,-104,-103,-105,-104,-104,-102,-101,-100,-103,-102,-101,-105,-101,-103,-104,-103,-104,-105,-102,-103,-104,-101,-104,-104,-104,-109,-102,-102,-104,-107,-104,-102,-102,-101,-105,-103,-105,-104,-104,-102,-102,-102,-102,-103,-107,-102,-102,-103,-104,-103,-106,-102,-101,-102,-102,-101,-102,-102,-102,-106,-103,-104,-102,-104,-104,-104
176,-103,-103,-103,-103,-104,-103,-104,-102,-104,-103,-105,-105,-102,-102,-106,-101,-103,-105,-102,-101,-102,-103,-103,-102,-102,-101,-104,-104,-103,-105,-102,-102,-106,-103,-104,-102,-104,-103,-104,-102,-102,-101,-103,-103,-102,-105,-101,-102,-103,-103,-104,-105,-103,-103,-104,-102,-104,-104,-105,-109,-102,-103,-104,-108,-103,-103,-102,-102,-105,-102,-105,-104,-104,-102,-102,-103,-102,-103,-107,-102,-103,-102,-104,-103,-106,-102,-102,-103,-103,-101,-103,-102,-103,-106,-103,-104,-102,-104,-105,-104
177,-103,-103,-101,-103,-104,-103,-104,-102,-104,-103,-105,-105,-102,-102,-106,-101,-103,-105,-102,-101,-102,-103,-101,-102,-100,-101,-104,-104,-103,-105,-102,-104,-106,-103,-104,-102,-104,-103,-104,-102,-102,-101,-103,-103,-102,-105,-101,-102,-103,-103,-104,-105,-103,-103,-104,-102,-104,-104,-105,-109,-102,-103,-104,-106,-105,-103,-104,-100,-105,-102,-105,-104,-104,-102,-104,-101,-102,-103,-107,-102,-103,-102,-104,-103,-106,-102,-102,-103,-105,-101,-103,-102,-103,-104,-103,-104,-102,-104,-103,-104
178,-103,-103,-102,-103,-104,-103,-104,-102,-104,-103,-104,-105,-102,-102,-106,-101,-103,-105,-102,-101,-103,-104,-102,-102,-101,-101,-103,-103,-102,-105,-103,-102,-106,-103,-105,-102,-105,-103,-104,-103,-102,-101,-103,-103,-102,-105,-102,-102,-103,-103,-104,-106,-103,-103,-104,-102,-104,-102,-105,-109,-101,-103,-104,-107,-104,-103,-103,-101,-105,-103,-105,-104,-104,-102,-103,-102,-102,-103,-107,-102,-103,-102,-103,-102,-106,-102,-101,-102,-103,-102,-103,-102,-102,-105,-104,-104,-102,-104,-103,-104
179,-103,-102,-102,-104,-104,-103,-104,-101,-104,-103,-104,-105,-101,-101,-106,-102,-104,-104,-103,-101,-103,-103,-102,-103,-101,-101,-104,-103,-103,-104,-103,-103,-106,-103,-105,-103,-105,-104,-104,-103,-102,-101,-104,-103,-102,-105,-102,-103,-103,-103,-104,-105,-103,-103,-104,-102,-103,-102,-104,-109,-102,-102,-103,-108,-103,-103,-103,-102,-105,-103,-105,-103,-104,-102,-102,-102,-102,-102,-106,-103,-102,-102,-103,-102,-106,-102,-102,-102,-103,-102,-102,-102,-102,-106,-103,-103,-102,-103,-104,-105
180,-103,-103,-103,-103,-104,-103,-104,-101,-104,-103,-105,-105,-102,-101,-106,-102,-103,-104,-103,-101,-103,-103,-102,-102,-102,-101,-103,-104,-102,-105,-103,-103,-106,-103,-104,-103,-104,-104,-104,-102,-102,-101,-103,-103,-102,-105,-101,-103,-103,-104,-104,-105,-103,-104,-104,-102,-103,-103,-104,-109,-101,-102,-103,-107,-103,-103,-102,-102,-105,-103,-105,-104,-104,-103,-103,-102,-102,-103,-106,-102,-103,-103,-103,-102,-106,-101,-102,-103,-103,-103,-102,-102,-102,-106,-104,-104,-102,-104,-104,-104
181,-103,-103,-103,-103,-104,-103,-104,-101,-104,-103,-105,-105,-100,-101,-106,-102,-103,-104,-103,-103,-103,-103,-102,-102,-102,-101,-105,-104,-102,-105,-103,-103,-106,-103,-104,-105,-104,-104,-104,-104,-102,-101,-103,-103,-100,-105,-103,-103,-103,-104,-104,-105,-103,-102,-104,-104,-103,-103,-104,-107,-101,-102,-103,-107,-103,-103,-102,-102,-105,-103,-105,-104,-104,-103,-103,-102,-100,-103,-106,-102,-103,-101,-103,-102,-106,-103,-102,-103,-103,-101,-102,-102,-102,-106,-102,-104,-100,-102,-104,-106
182,-103,-102,-103,-104,-105,-102,-104,-101,-104,-103,-105,-105,-101,-102,-107,-102,-103,-104,-103,-103,-102,-104,-102,-102,-102,-101,-104,-103,-102,-105,-103,-103,-106,-103,-104,-103,-105,-104,-104,-103,-102,-102,-103,-102,-100,-105,-102,-103,-103,-103,-104,-105,-103,-102,-104,-103,-103,-103,-103,-108,-102,-101,-103,-108,-103,-103,-102,-102,-105,-103,-105,-104,-104,-102,-103,-102,-100,-102,-106,-103,-102,-101,-103,-102,-106,-102,-102,-103,-104,-102,-101,-102,-102,-105,-103,-104,-101,-103,-104,-105
183,-103,-102,-102,-103,-104,-102,-104,-101,-104,-103,-104,-105,-101,-101,-107,-102,-103,-105,-103,-103,-102,-104,-101,-102,-103,-101,-104,-104,-103,-105,-103,-102,-106,-103,-104,-103,-104,-104,-104,-102,-102,-101,-103,-102,-101,-105,-101,-102,-103,-103,-105,-105,-103,-102,-104,-103,-103,-103,-104,-108,-102,-102,-103,-108,-103,-103,-102,-102,-105,-103,-105,-103,-104,-103,-103,-102,-101,-102,-106,-102,-103,-102,-103,-103,-105,-101,-102,-103,-103,-102,-102,-102,-103,-105,-103,-104,-101,-103,-104,-105
184,-103,-103,-103,-104,-104,-102,-104,-101,-104,-103,-105,-105,-101,-101,-106,-102,-103,-105,-103,-103,-102,-104,-100,-101,-102,-101,-104,-104,-103,-105,-102,-102,-106,-103,-104,-103,-105,-104,-104,-102,-102,-102,-104,-102,-101,-105,-101,-102,-103,-103,-104,-105,-103,-103,-104,-103,-103,-103,-103,-109,-102,-102,-104,-108,-104,-103,-102,-102,-105,-103,-105,-103,-104,-102,-103,-102,-101,-102,-106,-103,-103,-102,-103,-103,-106,-102,-102,-103,-103,-102,-100,-102,-103,-105,-104,-104,-101,-103,-103,-104
185,-103,-103,-103,-104,-104,-102,-104,-101,-104,-103,-105,-105,-101,-101,-106,-102,-103,-105,-103,-103,-102,-104,-100,-103,-102,-101,-102,-102,-103,-105,-102,-102,-106,-103,-104,-103,-105,-104,-104,-104,-102,-104,-104,-104,-101,-105,-101,-104,-103,-103,-106,-105,-103,-103,-104,-103,-103,-103,-105,-109,-102,-102,-104,-110,-104,-103,-102,-102,-105,-103,-105,-103,-106,-100,-103,-102,-101,-102,-106,-103,-103,-102,-103,-103,-106,-102,-102,-103,-103,-104,-102,-102,-103,-105,-102,-104,-101,-105,-105,-104
186,-103,-103,-103,-104,-104,-102,-104,-101,-104,-103,-105,-105,-104,-101,-106,-99,-103,-105,-103,-103,-102,-104,-100,-103,-102,-101,-102,-102,-103,-102,-102,-102,-106,-103,-104,-103,-105,-104,-104,-104,-102,-104,-104,-104,-101,-105,-101,-104,-103,-103,-106,-105,-103,-103,-104,-103,-103,-103,-105,-109,-102,-102,-101,-110,-104,-103,-99,-105,-105,-103,-105,-103,-103,-100,-103,-102,-101,-102,-106,-103,-103,-102,-103,-103,-106,-102,-102,-100,-103,-104,-102,-102,-103,-105,-105,-104,-101,-105,-105,-107
187,-103,-103,-103,-103,-105,-102,-104,-101,-104,-103,-105,-105,-103,-102,-105,-100,-103,-105,-103,-103,-103,-104,-101,-102,-102,-102,-103,-103,-102,-103,-102,-101,-106,-103,-104,-104,-105,-104,-104,-103,-102,-102,-105,-103,-101,-105,-102,-103,-103,-103,-105,-105,-104,-103,-104,-102,-104,-102,-105,-109,-102,-102,-102,-109,-105,-103,-100,-103,-105,-104,-105,-103,-104,-101,-102,-102,-101,-102,-107,-102,-102,-102,-103,-104,-106,-102,-103,-101,-103,-102,-102,-102,-103,-105,-104,-104,-101,-103,-104,-105
188,-103,-103,-103,-103,-105,-102,-104,-101,-105,-103,-104,-105,-102,-102,-105,-101,-103,-105,-103,-102,-102,-104,-101,-103,-102,-102,-104,-104,-102,-104,-103,-101,-106,-103,-104,-103,-104,-104,-104,-103,-101,-101,-104,-102,-101,-105,-101,-103,-104,-104,-105,-106,-103,-103,-104,-103,-104,-102,-105,-109,-101,-102,-103,-108,-104,-103,-101,-102,-105,-103,-105,-103,-104,-102,-101,-102,-101,-102,-107,-102,-102,-101,-103,-103,-106,-102,-103,-102,-103,-102,-102,-102,-103,-105,-104,-104,-102,-103,-105,-106
189,-103,-102,-103,-104,-104,-101,-104,-101,-104,-102,-104,-105,-102,-102,-106,-100,-103,-105,-104,-102,-102,-104,-101,-102,-102,-101,-103,-103,-103,-104,-103,-102,-106,-104,-104,-103,-104,-104,-104,-103,-101,-101,-105,-102,-101,-105,-101,-103,-104,-103,-104,-105,-103,-104,-104,-103,-104,-103,-106,-109,-102,-102,-103,-108,-104,-103,-102,-102,-105,-103,-105,-103,-104,-102,-102,-102,-102,-102,-106,-102,-103,-101,-103,-103,-105,-101,-103,-102,-103,-101,-101,-102,-103,-105,-104,-104,-102,-103,-104,-105
190,-103,-103,-102,-103,-105,-102,-103,-102,-103,-102,-105,-105,-102,-103,-106,-100,-103,-105,-103,-102,-103,-103,-102,-102,-103,-102,-103,-104,-103,-104,-103,-103,-105,-103,-105,-103,-104,-104,-104,-103,-101,-101,-105,-103,-102,-105,-101,-103,-103,-103,-104,-106,-104,-104,-104,-102,-104,-102,-105,-109,-102,-102,-103,-108,-104,-103,-102,-102,-105,-103,-105,-104,-104,-102,-102,-102,-102,-102,-107,-102,-103,-102,-103,-103,-106,-102,-102,-102,-104,-101,-101,-102,-103,-105,-104,-104,-102,-103,-105,-104
191,-103,-103,-102,-103,-105,-104,-103,-100,-105,-102,-105,-105,-104,-101,-106,-100,-103,-105,-103,-102,-103,-103,-102,-102,-101,-100,-103,-102,-103,-106,-103,-103,-105,-103,-107,-103,-104,-104,-104,-103,-101,-103,-105,-103,-102,-105,-101,-103,-103,-103,-104,-106,-104,-104,-104,-102,-104,-102,-105,-109,-102,-102,-103,-108,-104,-103,-102,-102,-103,-103,-105,-106,-104,-102,-102,-102,-102,-102,-105,-102,-103,-102,-105,-103,-106,-102,-100,-102,-102,-101,-101,-102,-103,-105,-104,-104,-102,-103,-105,-106
192,-103,-103,-102,-103,-102,-101,-106,-100,-105,-102,-105,-105,-104,-101,-106,-100,-103,-105,-103,-105,-103,-103,-102,-102,-104,-100,-103,-105,-103,-103,-103,-100,-105,-103,-104,-103,-104,-104,-104,-100,-101,-100,-105,-103,-102,-105,-104,-100,-103,-106,-107,-106,-104,-101,-104,-102,-101,-102,-105,-109,-102,-105,-103,-108,-104,-103,-102,-102,-103,-103,-105,-106,-104,-102,-102,-102,-99,-102,-105,-102,-103,-102,-105,-103,-106,-102,-100,-102,-102,-101,-104,-102,-103,-105,-104,-104,-102,-103,-102,-103
193,-103,-103,-102,-103,-103,-101,-105,-100,-104,-102,-105,-105,-103,-101,-106,-101,-104,-104,-102,-104,-104,-104,-101,-102,-102,-101,-103,-105,-103,-104,-102,-101,-106,-103,-104,-103,-105,-105,-104,-101,-101,-101,-105,-102,-101,-105,-102,-101,-103,-104,-106,-105,-103,-102,-104,-102,-102,-103,-105,-110,-102,-104,-103,-108,-104,-103,-102,-102,-104,-103,-105,-104,-104,-102,-102,-102,-100,-101,-106,-103,-103,-103,-104,-102,-106,-102,-101,-102,-102,-102,-102,-102,-102,-105,-105,-103,-103,-103,-103,-104
194,-103,-103,-102,-103,-104,-102,-105,-101,-104,-102,-105,-105,-102,-101,-106,-101,-104,-105,-102,-103,-103,-104,-101,-102,-102,-100,-103,-105,-103,-104,-103,-102,-106,-103,-104,-103,-105,-103,-104,-102,-101,-100,-105,-102,-102,-105,-102,-102,-103,-104,-105,-105,-104,-102,-104,-102,-103,-103,-105,-109,-102,-102,-103,-107,-104,-103,-102,-102,-103,-103,-105,-105,-104,-102,-102,-103,-101,-101,-106,-103,-103,-103,-103,-103,-106,-101,-102,-102,-102,-102,-102,-102,-103,-106,-104,-104,-102,-103,-103,-105
195,-103,-103,-102,-103,-104,-100,-105,-101,-104,-102,-103,-105,-100,-101,-106,-101,-104,-105,-102,-103,-101,-102,-101,-104,-102,-102,-103,-103,-103,-104,-103,-104,-106,-103,-104,-103,-105,-103,-106,-102,-103,-100,-103,-102,-102,-105,-100,-104,-103,-104,-105,-107,-104,-102,-104,-102,-103,-103,-105,-109,-102,-102,-103,-107,-102,-103,-104,-102,-105,-103,-105,-103,-104,-102,-102,-103,-101,-101,-106,-103,-103,-101,-105,-103,-106,-101,-102,-102,-102,-100,-102,-102,-101,-106,-104,-104,-102,-103,-103,-105
196,-103,-103,-102,-103,-104,-100,-105,-101,-104,-102,-106,-105,-100,-101,-106,-101,-104,-105,-102,-100,-101,-102,-101,-101,-102,-102,-103,-103,-103,-104,-103,-104,-106,-103,-104,-103,-105,-106,-103,-102,-100,-100,-103,-105,-102,-105,-103,-101,-103,-104,-105,-104,-101,-102,-104,-102,-103,-103,-102,-109,-102,-102,-103,-107,-102,-103,-104,-102,-102,-106,-105,-103,-107,-105,-105,-100,-101,-101,-103,-103,-103,-101,-105,-103,-106,-104,-102,-102,-102,-100,-99,-102,-104,-106,-104,-104,-102,-103,-103,-105
197,-103,-102,-102,-104,-104,-100,-104,-100,-104,-103,-105,-105,-101,-102,-107,-101,-104,-105,-102,-101,-102,-103,-102,-101,-102,-102,-103,-104,-103,-105,-103,-103,-106,-103,-105,-102,-104,-104,-104,-103,-100,-100,-104,-104,-102,-105,-102,-102,-103,-104,-105,-104,-102,-102,-104,-103,-104,-103,-103,-109,-101,-103,-103,-108,-103,-103,-102,-102,-102,-103,-105,-103,-105,-103,-103,-101,-102,-101,-104,-102,-102,-101,-104,-103,-106,-102,-102,-103,-103,-101,-100,-102,-103,-105,-104,-104,-101,-104,-104,-104
198,-103,-102,-102,-103,-104,-101,-104,-101,-103,-102,-106,-104,-102,-103,-107,-102,-103,-105,-103,-102,-102,-103,-102,-102,-103,-102,-104,-104,-103,-104,-103,-103,-106,-103,-104,-101,-104,-103,-103,-103,-101,-101,-104,-104,-102,-105,-102,-102,-104,-104,-105,-104,-103,-103,-104,-102,-104,-102,-104,-109,-102,-102,-103,-108,-103,-103,-103,-102,-103,-103,-105,-103,-104,-104,-103,-102,-101,-101,-105,-102,-103,-102,-104,-103,-106,-102,-102,-103,-103,-101,-101,-102,-103,-105,-103,-104,-102,-103,-105,-104
199,-103,-104,-102,-103,-104,-103,-104,-101,-103,-102,-106,-104,-102,-103,-107,-100,-103,-105,-103,-104,-102,-101,-102,-102,-103,-102,-104,-104,-103,-104,-103,-103,-106,-103,-104,-103,-106,-103,-103,-105,-101,-101,-104,-102,-100,-105,-102,-102,-102,-104,-105,-106,-103,-103,-104,-102,-104,-102,-104,-109,-102,-104,-103,-108,-103,-103,-103,-102,-103,-105,-105,-105,-104,-100,-105,-104,-101,-101,-105,-102,-103,-102,-104,-103,-106,-102,-102,-103,-101,-101,-103,-102,-103,-105,-103,-104,-102,-103,-103,-102
