iteration,agent,jobs
0,0,_0_0_0_0_0_0_0_1_0_0_0_0_0_0_0_0_0_0_0_0_0_0_0_0_0_0_0_0_0_0_0_0_0_0_0_0_0_0_0_0_0_0_0_0_0_0_0_1_0_0_0_0_0_0_0_0_1_0_0_0_0_0_0_0_0_0_0_0_0_1_0_0_0_1_0_0_0_0_0_0_0_0_0_0_0_0_0_0_0_0_0_0_0_0_0_0_0_1_0_0_0_0_0_0_0_0_0_0_0_0_0_0_0_0_0_1_0_0_0_0_0_0_0_0_0_0_0_0_0_0_0_0_1_0_0_0_0_0_0_0_0_0_1_0_0_0_0_0_0_0_0_0_0_0_0_0_0_0_1_0_0_1_0_0_0_0_0_0_0_0_0_0_0_0_0_0_0_0_0_0_0_0_0_0_0_0_0_0_0_0_0_0_0_0_0_0_0_0_0_0
0,1,_0_0_0_0_0_0_0_0_0_0_1_0_0_0_0_0_0_0_0_0_0_0_0_0_0_0_0_0_0_0_0_0_0_0_1_0_0_0_0_0_0_0_0_0_0_0_1_0_1_0_0_0_0_1_0_1_0_0_0_0_0_0_0_0_0_0_0_0_0_0_0_0_0_0_0_0_0_0_0_0_0_0_0_0_1_0_0_0_0_0_0_0_0_1_0_0_0_0_0_0_0_0_0_1_0_0_0_1_0_0_0_0_0_0_0_0_0_0_0_0_0_0_0_0_0_0_0_0_0_0_0_0_0_0_0_0_0_0_0_0_0_0_0_0_0_0_0_0_0_0_0_0_0_0_0_0_0_0_0_0_0_0_0_0_0_0_0_0_0_0_0_0_0_0_0_0_0_0_0_0_0_0_0_0_0_0_0_0_0_0_0_0_0_0_0_0_0_0_0_0
0,2,_0_0_0_0_0_0_0_0_0_0_0_0_0_0_0_0_0_0_0_0_0_0_1_0_0_0_0_0_0_1_0_0_0_0_0_1_0_0_0_0_0_0_0_0_0_0_0_0_0_0_0_0_0_0_0_0_0_0_0_0_0_0_0_0_0_0_0_0_0_0_0_0_0_0_0_0_0_0_0_0_0_0_0_0_0_0_0_1_0_0_0_0_0_0_0_0_0_0_0_0_0_0_0_0_0_0_0_0_0_1_0_0_0_0_1_0_0_0_0_1_0_0_0_0_0_0_0_0_0_1_0_0_0_0_0_0_0_0_0_0_0_1_0_0_0_1_0_0_1_0_0_0_0_0_0_0_0_0_0_1_0_0_0_0_0_0_0_0_0_0_0_0_0_0_0_0_0_0_0_0_0_0_0_0_0_0_0_0_0_0_0_0_0_0_0_0_0_0_0_0
0,3,_1_0_0_1_1_0_0_0_1_0_0_0_0_0_0_0_0_0_1_0_0_0_0_0_0_0_0_0_0_0_0_1_0_0_0_0_0_0_1_0_0_0_0_0_0_0_0_0_0_0_0_0_0_0_0_0_0_0_0_0_0_0_0_0_0_0_0_0_0_0_0_0_0_0_0_0_0_0_0_0_1_0_0_0_0_0_0_0_0_0_0_0_0_0_0_0_0_0_0_0_1_0_0_0_0_0_0_0_0_0_0_0_0_0_0_0_0_0_0_0_0_0_0_0_0_0_0_0_0_0_1_0_0_0_0_0_0_0_0_0_0_0_0_0_0_0_0_0_0_0_0_0_0_0_0_0_0_0_0_0_0_0_0_0_0_0_0_0_0_0_0_0_0_0_0_0_0_0_0_0_0_0_0_0_0_0_0_0_0_0_0_0_0_0_0_0_0_0_0_0
0,4,_0_1_0_0_0_0_0_0_0_1_0_0_0_0_0_0_0_0_0_0_0_0_0_0_0_0_0_0_0_0_0_0_0_0_0_0_0_0_0_0_1_0_0_1_1_0_0_0_0_0_0_0_1_0_0_0_0_0_0_0_0_0_0_0_0_1_0_0_0_0_0_0_0_0_0_0_0_1_0_0_0_0_0_0_0_0_0_0_0_1_0_0_1_0_0_1_0_0_0_0_0_0_0_0_1_0_0_0_0_0_0_0_0_0_0_0_0_1_0_0_0_0_0_0_0_0_0_0_0_0_0_0_0_0_0_0_0_0_0_0_0_0_0_0_0_0_0_0_0_0_0_0_0_0_0_0_0_0_0_0_0_0_0_0_0_0_0_0_0_0_0_0_0_0_0_0_0_0_0_0_0_0_0_0_0_0_0_0_0_0_0_0_0_0_0_0_0_0_0_0
0,5,_0_0_0_0_0_0_0_0_0_0_0_0_0_0_0_0_0_0_0_0_0_1_0_0_0_0_0_0_0_0_0_0_0_0_0_0_1_0_0_0_0_0_0_0_0_0_0_0_0_0_0_0_0_0_0_0_0_0_1_0_0_0_0_0_0_0_0_0_0_0_0_0_0_0_0_0_0_0_0_0_0_0_0_0_0_0_0_0_0_0_0_0_0_0_1_0_0_0_0_0_0_0_0_0_0_0_0_0_0_0_0_0_0_0_0_0_0_0_0_0_0_0_0_0_0_0_0_0_0_0_0_0_0_0_0_0_0_0_0_0_0_0_0_0_0_0_0_0_0_0_0_0_0_0_0_0_0_0_0_0_0_0_0_0_0_0_1_0_0_0_0_1_0_0_1_0_0_0_0_0_1_0_0_0_0_1_0_0_0_0_0_0_0_0_0_0_0_0_0_0
0,6,_0_0_0_0_0_0_0_0_0_0_0_0_0_0_0_1_0_0_0_0_0_0_0_0_0_0_0_0_0_0_0_0_0_0_0_0_0_0_0_0_0_0_0_0_0_0_0_0_0_0_0_0_0_0_0_0_0_0_0_0_0_0_0_0_0_0_0_0_0_0_0_0_0_0_0_0_0_0_1_0_0_0_0_0_0_0_0_0_0_0_0_0_0_0_0_0_0_0_0_0_0_0_0_0_0_0_0_0_0_0_0_0_0_0_0_0_0_0_1_0_1_0_0_0_0_0_0_0_0_0_0_0_0_0_0_0_0_0_0_0_0_0_0_0_0_0_0_0_0_0_0_0_0_0_0_0_0_0_0_0_0_0_0_0_0_0_0_0_0_0_0_0_0_0_0_0_0_0_0_0_0_0_0_0_0_0_1_0_1_0_0_1_0_0_1_1_0_0_0_0
0,7,_0_0_1_0_0_0_1_0_0_0_0_1_0_1_0_0_0_0_0_0_0_0_0_0_0_0_0_0_0_0_0_0_0_0_0_0_0_0_0_0_0_0_0_0_0_0_0_0_0_0_0_0_0_0_1_0_0_1_0_0_0_0_0_0_0_0_0_1_0_0_0_1_0_0_0_0_0_0_0_0_0_0_0_0_0_0_0_0_0_0_0_0_0_0_0_0_1_0_0_0_0_0_0_0_0_0_0_0_0_0_0_0_1_1_0_0_0_0_0_0_0_0_0_0_1_0_0_0_0_0_0_0_0_0_0_0_0_0_0_0_0_0_0_0_0_0_0_0_0_0_0_0_0_0_0_0_0_0_0_0_0_0_0_0_0_0_0_0_0_1_0_0_0_0_0_0_0_0_0_0_0_1_0_0_0_0_0_1_0_0_0_0_0_0_0_0_0_0_0_0
0,8,_0_0_0_0_0_1_0_0_0_0_0_0_0_0_0_0_0_0_0_0_1_0_0_0_0_0_0_0_0_0_0_0_1_0_0_0_0_0_0_0_0_1_1_0_0_0_0_0_0_0_0_0_0_0_0_0_0_0_0_1_0_0_0_1_0_0_0_0_0_0_0_0_0_0_0_0_0_0_0_0_0_0_0_0_0_0_0_0_0_0_0_0_0_0_0_0_0_0_0_0_0_0_0_0_0_1_0_0_0_0_0_0_0_0_0_0_0_0_0_0_0_1_1_1_0_0_0_0_0_0_0_0_0_0_1_0_0_0_0_0_0_0_0_0_0_0_0_0_0_0_0_0_0_0_0_0_0_0_0_0_0_0_0_0_0_0_0_0_0_0_0_0_0_0_0_0_0_0_1_0_0_0_0_0_0_0_0_0_0_0_0_0_0_0_0_0_0_0_0_0
0,9,_0_0_0_0_0_0_0_0_0_0_0_0_1_0_1_0_0_0_0_0_0_0_0_0_1_0_0_0_0_0_0_0_0_0_0_0_0_0_0_0_0_0_0_0_0_0_0_0_0_1_0_0_0_0_0_0_0_0_0_0_0_0_0_0_0_0_0_0_0_0_0_0_0_0_0_0_0_0_0_0_0_1_0_0_0_0_0_0_0_0_0_0_0_0_0_0_0_0_0_0_0_0_0_0_0_0_0_0_0_0_0_0_0_0_0_0_0_0_0_0_0_0_0_0_0_0_0_0_0_0_0_0_0_0_0_0_0_0_0_0_0_0_0_0_0_0_0_0_0_0_1_0_0_0_0_0_0_0_0_0_0_0_0_0_0_0_0_0_0_0_0_0_0_0_0_0_0_1_0_0_0_0_0_0_1_0_0_0_0_0_0_0_0_0_0_0_0_0_0_0
0,10,_0_0_0_0_0_0_0_0_0_0_0_0_0_0_0_0_0_0_0_0_0_0_0_0_0_0_0_1_0_0_0_0_0_0_0_0_0_0_0_0_0_0_0_0_0_1_0_0_0_0_0_0_0_0_0_0_0_0_0_0_0_0_0_0_0_0_0_0_1_0_0_0_0_0_0_0_0_0_0_0_0_0_0_0_0_0_0_0_0_0_0_0_0_0_0_0_0_0_0_0_0_0_0_0_0_0_0_0_1_0_0_0_0_0_0_0_0_0_0_0_0_0_0_0_0_0_0_0_0_0_0_0_0_0_0_0_0_1_0_0_0_0_0_0_0_0_1_0_0_0_0_1_0_0_0_0_0_0_0_0_1_0_1_0_1_0_0_0_0_0_0_0_0_1_0_0_0_0_0_0_0_0_0_0_0_0_0_0_0_0_0_0_0_1_0_0_0_0_0_0
0,11,_0_0_0_0_0_0_0_0_0_0_0_0_0_0_0_0_0_1_0_0_0_0_0_0_0_0_0_0_0_0_0_0_0_0_0_0_0_1_0_1_0_0_0_0_0_0_0_0_0_0_0_0_0_0_0_0_0_0_0_0_0_0_0_0_0_0_0_0_0_0_0_0_0_0_0_0_0_0_0_0_0_0_0_0_0_0_0_0_0_0_0_0_0_0_0_0_0_0_0_0_0_0_0_0_0_0_0_0_0_0_0_0_0_0_0_0_0_0_0_0_0_0_0_0_0_0_1_0_1_0_0_0_0_0_0_0_0_0_0_0_0_0_0_0_0_0_0_0_0_1_0_0_0_0_0_0_0_0_0_0_0_0_0_0_0_0_0_0_0_0_0_0_0_0_0_0_0_0_0_0_0_0_0_0_0_0_0_0_0_0_0_0_0_0_0_0_0_0_0_0
0,12,_0_0_0_0_0_0_0_0_0_0_0_0_0_0_0_0_0_0_0_1_0_0_0_0_0_0_0_0_1_0_0_0_0_0_0_0_0_0_0_0_0_0_0_0_0_0_0_0_0_0_0_0_0_0_0_0_0_0_0_0_0_0_1_0_1_0_0_0_0_0_0_0_0_0_1_0_0_0_0_0_0_0_1_0_0_0_0_0_0_0_0_0_0_0_0_0_0_0_0_0_0_0_0_0_0_0_0_0_0_0_0_0_0_0_0_0_0_0_0_0_0_0_0_0_0_0_0_0_0_0_0_0_0_0_0_0_0_0_0_0_0_0_0_0_0_0_0_0_0_0_0_0_0_0_0_0_0_0_0_0_0_0_0_0_0_0_0_0_0_0_0_0_0_0_0_1_0_0_0_0_0_0_0_0_0_0_0_0_0_0_0_0_1_0_0_0_0_0_0_0
0,13,_0_0_0_0_0_0_0_0_0_0_0_0_0_0_0_0_0_0_0_0_0_0_0_0_0_0_0_0_0_0_0_0_0_0_0_0_0_0_0_0_0_0_0_0_0_0_0_0_0_0_0_0_0_0_0_0_0_0_0_0_0_0_0_0_0_0_0_0_0_0_1_0_0_0_0_0_0_0_0_0_0_0_0_0_0_0_1_0_1_0_0_0_0_0_0_0_0_0_0_0_0_0_0_0_0_0_0_0_0_0_0_1_0_0_0_0_0_0_0_0_0_0_0_0_0_1_0_0_0_0_0_0_0_0_0_0_0_0_0_0_0_0_0_0_0_0_0_0_0_0_0_0_0_0_0_1_1_0_0_0_0_0_0_0_0_1_0_0_0_0_1_0_0_0_0_0_0_0_0_0_0_0_0_1_0_0_0_0_0_1_0_0_0_0_0_0_1_0_1_0
0,14,_0_0_0_0_0_0_0_0_0_0_0_0_0_0_0_0_0_0_0_0_0_0_0_0_0_0_0_0_0_0_0_0_0_0_0_0_0_0_0_0_0_0_0_0_0_0_0_0_0_0_0_0_0_0_0_0_0_0_0_0_0_0_0_0_0_0_0_0_0_0_0_0_1_0_0_0_0_0_0_0_0_0_0_0_0_0_0_0_0_0_0_0_0_0_0_0_0_0_1_0_0_0_1_0_0_0_0_0_0_0_0_0_0_0_0_0_0_0_0_0_0_0_0_0_0_0_0_0_0_0_0_0_0_0_0_0_0_0_0_0_0_0_0_0_0_0_0_1_0_0_0_0_0_1_0_0_0_0_0_0_0_0_0_0_0_0_0_1_0_0_0_0_0_0_0_0_0_0_0_0_0_0_1_0_0_0_0_0_0_0_0_0_0_0_0_0_0_0_0_0
0,15,_0_0_0_0_0_0_0_0_0_0_0_0_0_0_0_0_1_0_0_0_0_0_0_0_0_0_1_0_0_0_0_0_0_0_0_0_0_0_0_0_0_0_0_0_0_0_0_0_0_0_0_0_0_0_0_0_0_0_0_0_0_0_0_0_0_0_0_0_0_0_0_0_0_0_0_0_0_0_0_0_0_0_0_0_0_0_0_0_0_0_0_0_0_0_0_0_0_0_0_1_0_0_0_0_0_0_1_0_0_0_1_0_0_0_0_0_0_0_0_0_0_0_0_0_0_0_0_0_0_0_0_1_0_0_0_1_0_0_0_1_0_0_0_0_0_0_0_0_0_0_0_0_0_0_0_0_0_0_0_0_0_0_0_0_0_0_0_0_0_0_0_0_1_0_0_0_0_0_0_0_0_0_0_0_0_0_0_0_0_0_0_0_0_0_0_0_0_0_0_0
0,16,_0_0_0_0_0_0_0_0_0_0_0_0_0_0_0_0_0_0_0_0_0_0_0_0_0_0_0_0_0_0_0_0_0_0_0_0_0_0_0_0_0_0_0_0_0_0_0_0_0_0_1_1_0_0_0_0_0_0_0_0_0_0_0_0_0_0_0_0_0_0_0_0_0_0_0_0_0_0_0_0_0_0_0_0_0_0_0_0_0_0_0_0_0_0_0_0_0_0_0_0_0_0_0_0_0_0_0_0_0_0_0_0_0_0_0_0_0_0_0_0_0_0_0_0_0_0_0_0_0_0_0_0_0_0_0_0_0_0_1_0_0_0_0_1_0_0_0_0_0_0_0_0_0_0_0_0_0_0_0_0_0_0_0_0_0_0_0_0_0_0_0_0_0_0_0_0_0_0_0_1_0_0_0_0_0_0_0_0_0_0_1_0_0_0_0_0_0_0_0_0
0,17,_0_0_0_0_0_0_0_0_0_0_0_0_0_0_0_0_0_0_0_0_0_0_0_0_0_0_0_0_0_0_1_0_0_0_0_0_0_0_0_0_0_0_0_0_0_0_0_0_0_0_0_0_0_0_0_0_0_0_0_0_0_0_0_0_0_0_0_0_0_0_0_0_0_0_0_0_0_0_0_0_0_0_0_0_0_0_0_0_0_0_1_0_0_0_0_0_0_0_0_0_0_1_0_0_0_0_0_0_0_0_0_0_0_0_0_0_0_0_0_0_0_0_0_0_0_0_0_1_0_0_0_0_0_1_0_0_0_0_0_0_1_0_0_0_0_0_0_0_0_0_0_0_0_0_0_0_0_0_0_0_0_0_0_0_0_0_0_0_0_0_0_0_0_0_0_0_0_0_0_0_0_0_0_0_0_0_0_0_0_0_0_0_0_0_0_0_0_0_0_0
0,18,_0_0_0_0_0_0_0_0_0_0_0_0_0_0_0_0_0_0_0_0_0_0_0_1_0_1_0_0_0_0_0_0_0_0_0_0_0_0_0_0_0_0_0_0_0_0_0_0_0_0_0_0_0_0_0_0_0_0_0_0_1_1_0_0_0_0_0_0_0_0_0_0_0_0_0_1_1_0_0_1_0_0_0_1_0_1_0_0_0_0_0_1_0_0_0_0_0_0_0_0_0_0_0_0_0_0_0_0_0_0_0_0_0_0_0_0_1_0_0_0_0_0_0_0_0_0_0_0_0_0_0_0_0_0_0_0_0_0_0_0_0_0_0_0_0_0_0_0_0_0_0_0_0_0_1_0_0_0_0_0_0_0_0_0_0_0_0_0_0_0_0_0_0_0_0_0_0_0_0_0_0_0_0_0_0_0_0_0_0_0_0_0_0_0_0_0_0_0_0_0
0,19,_0_0_0_0_0_0_0_0_0_0_0_0_0_0_0_0_0_0_0_0_0_0_0_0_0_0_0_0_0_0_0_0_0_1_0_0_0_0_0_0_0_0_0_0_0_0_0_0_0_0_0_0_0_0_0_0_0_0_0_0_0_0_0_0_0_0_1_0_0_0_0_0_0_0_0_0_0_0_0_0_0_0_0_0_0_0_0_0_0_0_0_0_0_0_0_0_0_0_0_0_0_0_0_0_0_0_0_0_0_0_0_0_0_0_0_0_0_0_0_0_0_0_0_0_0_0_0_0_0_0_0_0_0_0_0_0_1_0_0_0_0_0_0_0_1_0_0_0_0_0_0_0_1_0_0_0_0_1_0_0_0_0_0_1_0_0_0_0_1_0_0_0_0_0_0_0_1_0_0_0_0_0_0_0_0_0_0_0_0_0_0_0_0_0_0_0_0_1_0_1
1,0,_0_0_0_0_0_0_0_1_0_0_0_0_0_0_0_0_0_0_0_0_0_0_0_0_0_0_0_0_0_0_0_0_0_0_0_0_0_0_0_0_0_0_0_0_0_0_0_1_0_0_0_0_0_0_0_0_1_0_0_0_0_0_0_0_0_0_0_0_0_1_0_0_0_1_0_0_0_0_0_0_0_0_0_0_0_0_0_0_0_0_0_0_0_0_0_0_0_0_0_0_0_0_0_0_0_0_0_0_0_0_0_0_0_0_0_0_0_0_0_0_0_0_0_0_0_0_0_0_0_0_0_0_1_0_0_0_0_0_0_0_0_0_1_0_0_0_0_0_0_0_0_0_0_0_0_0_0_0_0_0_0_0_0_0_0_0_0_0_0_0_0_0_0_0_0_0_0_0_0_0_0_0_0_0_0_0_0_0_0_0_0_0_0_0_0_0_0_0_0_0
1,1,_0_0_0_0_0_0_0_0_0_0_1_0_0_0_0_0_0_0_0_0_0_0_0_0_0_0_0_0_0_0_0_0_0_0_1_0_0_0_0_0_0_0_0_0_0_0_0_0_1_0_0_0_0_1_0_1_0_0_0_0_0_0_0_0_0_0_0_0_0_0_0_0_0_0_0_0_0_0_0_0_0_0_0_0_1_0_0_0_0_0_0_0_0_0_0_0_0_0_0_0_0_0_0_0_0_0_0_1_0_0_0_0_0_0_0_0_0_0_0_0_0_0_0_0_0_0_0_0_0_0_0_0_0_0_0_0_0_0_0_0_0_0_0_0_0_0_0_0_0_0_0_0_0_0_0_0_0_0_0_0_0_0_1_0_0_1_0_0_0_0_0_0_0_0_0_0_0_0_0_0_0_0_0_0_0_0_0_0_0_1_0_0_0_0_0_0_0_0_0_0
1,2,_0_0_0_0_0_0_0_0_0_0_0_0_0_0_0_0_0_0_0_0_0_0_1_0_0_0_0_0_0_1_0_0_0_0_0_1_0_0_0_0_0_0_0_0_0_0_0_0_0_0_0_0_0_0_0_0_0_0_0_0_0_0_0_0_0_0_0_0_0_0_0_0_0_0_0_0_0_0_0_0_0_0_0_0_0_0_0_1_0_0_0_0_0_0_0_0_0_0_0_0_0_0_0_0_0_0_0_0_0_1_0_0_0_0_1_0_0_0_0_1_0_0_0_0_0_0_0_0_0_0_0_0_0_0_0_0_0_0_0_0_0_1_0_0_0_0_0_0_0_0_0_0_0_0_0_0_0_0_0_1_0_0_0_1_1_0_0_0_0_0_0_0_0_0_0_0_0_0_0_0_0_0_0_0_0_0_0_0_0_0_0_0_0_1_0_0_0_0_0_1
1,3,_1_0_0_1_1_0_0_0_1_0_0_0_0_0_0_0_0_0_1_0_0_0_0_0_0_0_0_0_0_0_0_1_0_0_0_0_0_0_1_0_0_0_0_0_0_0_0_0_0_0_0_0_0_0_0_0_0_0_0_0_0_0_0_0_0_0_0_0_0_0_0_0_0_0_0_0_0_0_0_0_1_0_0_0_0_0_0_0_0_0_0_0_0_1_0_0_0_0_0_0_1_0_0_0_0_1_0_0_0_0_0_0_0_0_0_1_0_0_0_0_0_0_0_0_0_0_0_0_0_0_1_0_0_0_0_0_0_0_0_0_0_0_0_0_0_0_0_0_0_0_0_0_0_0_0_0_0_0_0_0_0_0_0_0_0_0_0_0_0_0_0_0_0_0_0_0_0_0_0_0_0_0_0_0_0_0_0_0_0_0_0_0_0_0_0_0_0_0_0_0
1,4,_0_0_0_0_0_0_0_0_0_1_0_0_0_0_0_0_0_0_0_0_0_0_0_0_0_0_0_0_0_0_0_0_0_0_0_0_0_0_0_0_1_0_0_0_1_0_1_0_0_0_0_0_1_0_0_0_0_0_0_0_0_0_0_0_0_0_0_0_0_0_0_0_0_0_0_0_0_1_0_0_0_0_0_0_0_0_0_0_0_1_0_0_1_0_0_1_0_0_0_0_0_0_0_0_1_0_0_0_0_0_0_0_0_0_0_0_0_1_0_0_0_1_0_0_0_0_0_0_0_0_0_0_0_0_0_0_0_0_0_0_0_0_0_0_0_0_0_0_0_0_0_0_0_0_0_0_0_0_0_0_0_0_0_0_0_0_0_0_0_0_0_0_0_0_0_0_0_0_0_0_0_0_0_0_0_0_0_0_0_0_0_1_0_0_1_0_0_0_0_0
1,5,_0_0_0_0_0_0_0_0_0_0_0_0_0_0_0_0_0_0_0_0_0_1_0_0_0_0_0_0_0_0_0_0_0_0_0_0_1_0_0_0_0_0_0_1_0_0_0_0_0_0_0_0_0_0_0_0_0_0_1_0_1_0_0_0_0_0_0_0_0_0_0_0_0_0_0_0_0_0_0_0_0_0_0_0_0_0_0_0_0_0_0_0_0_0_1_0_0_0_0_0_0_0_0_0_0_0_0_0_0_0_0_0_0_0_0_0_0_0_0_0_0_0_0_0_0_0_0_0_0_0_0_0_0_0_0_0_0_0_0_0_0_0_0_0_0_0_0_0_0_0_0_0_0_0_0_0_0_0_0_0_0_0_0_0_0_0_0_0_0_0_0_1_0_0_1_0_0_0_0_0_0_0_0_0_0_1_0_0_0_0_0_0_0_0_0_0_0_0_0_0
1,6,_0_0_0_0_0_0_0_0_0_0_0_0_0_0_0_1_0_0_0_0_0_0_0_0_0_0_0_0_0_0_0_0_0_0_0_0_0_0_0_0_0_0_0_0_0_0_0_0_0_0_0_0_0_0_0_0_0_0_0_0_0_0_0_0_0_0_0_0_0_0_0_0_0_0_0_0_0_0_1_0_0_0_0_0_0_0_0_0_0_0_0_0_0_0_0_0_0_1_0_0_0_0_0_0_0_0_0_0_0_0_0_0_0_0_0_0_0_0_1_0_1_0_0_0_0_0_0_0_0_0_0_0_0_0_0_0_0_0_0_0_0_0_0_0_0_0_0_0_0_0_0_0_0_0_0_0_0_0_0_0_0_0_0_0_0_0_0_0_0_0_0_0_0_0_0_0_0_0_0_0_0_0_0_0_0_0_1_0_1_0_0_0_0_0_0_0_0_0_0_0
1,7,_0_0_1_0_0_0_1_0_0_0_0_1_0_1_0_0_0_0_0_0_0_0_0_0_0_0_0_0_0_0_0_0_0_0_0_0_0_0_0_0_0_0_0_0_0_0_0_0_0_0_0_0_0_0_1_0_0_1_0_0_0_0_0_0_0_0_0_1_0_0_0_1_0_0_0_0_0_0_0_0_0_0_0_0_0_0_0_0_0_0_0_0_0_0_0_0_0_0_0_0_0_0_0_0_0_0_0_0_0_0_0_0_1_1_0_0_0_0_0_0_0_0_0_0_1_0_0_0_0_0_0_0_0_0_0_0_0_0_0_0_0_0_0_0_0_0_0_0_1_0_0_0_0_0_0_0_0_0_0_0_0_0_0_0_0_0_0_0_0_0_0_0_0_0_0_0_0_0_0_0_0_1_0_0_0_0_0_0_0_0_0_0_0_0_0_0_0_0_0_0
1,8,_0_0_0_0_0_1_0_0_0_0_0_0_0_0_0_0_0_0_0_0_0_0_0_0_0_0_0_0_0_0_0_0_1_0_0_0_0_0_0_0_0_1_1_0_0_0_0_0_0_0_0_0_0_0_0_0_0_0_0_0_0_0_0_1_0_0_0_0_0_0_0_0_0_0_0_0_0_0_0_0_0_0_0_0_0_0_0_0_0_0_0_0_0_0_0_0_0_0_0_0_0_0_0_1_0_0_0_0_0_0_0_0_0_0_0_0_0_0_0_0_0_0_1_1_0_0_0_0_0_0_0_0_0_0_1_0_0_0_0_0_0_0_0_0_0_0_0_0_0_0_0_0_0_0_0_0_0_0_1_0_1_0_0_0_0_0_0_0_0_1_0_0_0_0_0_0_0_0_1_0_0_0_0_0_0_0_0_1_0_0_0_0_0_0_0_0_0_0_0_0
1,9,_0_0_0_0_0_0_0_0_0_0_0_0_1_0_1_0_0_0_0_0_0_0_0_0_1_0_0_0_0_0_0_0_0_0_0_0_0_0_0_0_0_0_0_0_0_0_0_0_0_1_0_0_0_0_0_0_0_0_0_0_0_0_0_0_0_0_0_0_0_0_0_0_0_0_0_0_0_0_0_0_0_1_0_0_0_0_0_0_0_0_0_0_0_0_0_0_0_0_0_0_0_0_0_0_0_0_0_0_0_0_0_0_0_0_0_0_0_0_0_0_0_0_0_0_0_0_0_0_0_0_0_0_0_0_0_0_0_0_0_0_0_0_0_0_0_0_0_0_0_0_1_0_0_0_0_0_0_0_0_0_0_0_0_0_0_0_0_0_0_0_0_0_0_0_0_0_0_1_0_0_0_0_0_0_1_0_0_0_0_0_0_0_0_0_0_1_0_0_0_0
1,10,_0_0_0_0_0_0_0_0_0_0_0_0_0_0_0_0_0_0_0_0_0_0_0_0_0_0_0_1_0_0_0_0_0_0_0_0_0_0_0_0_0_0_0_0_0_1_0_0_0_0_0_0_0_0_0_0_0_0_0_0_0_0_0_0_0_0_0_0_1_0_0_0_0_0_0_0_0_0_0_0_0_0_0_0_0_0_0_0_0_0_0_0_0_0_0_0_0_0_0_0_0_0_0_0_0_0_0_0_1_0_0_0_0_0_0_0_0_0_0_0_0_0_0_0_0_0_0_0_0_0_0_0_0_0_0_0_0_0_0_0_0_0_0_0_0_0_1_0_0_0_0_1_0_0_0_0_0_0_0_0_0_0_0_0_0_0_0_0_0_0_0_0_0_0_0_0_0_0_0_0_0_0_0_0_0_0_0_0_0_0_0_0_0_0_0_0_0_0_0_0
1,11,_0_0_0_0_0_0_0_0_0_0_0_0_0_0_0_0_0_1_0_0_0_0_0_0_0_0_0_0_0_0_0_0_0_0_0_0_0_1_0_1_0_0_0_0_0_0_0_0_0_0_0_0_0_0_0_0_0_0_0_0_0_0_0_0_0_0_0_0_0_0_0_0_0_0_0_0_1_0_0_0_0_0_0_0_0_0_0_0_0_0_0_0_0_0_0_0_0_0_0_0_0_0_0_0_0_0_0_0_0_0_0_0_0_0_0_0_0_0_0_0_0_0_0_0_0_0_1_0_1_1_0_0_0_0_0_0_0_0_0_0_0_0_0_0_0_1_0_0_0_0_0_0_0_0_0_0_0_0_0_0_0_0_0_0_0_0_0_0_0_0_0_0_0_0_0_0_0_0_0_0_0_0_0_0_0_0_0_0_0_0_0_0_0_0_0_0_0_0_0_0
1,12,_0_0_0_0_0_0_0_0_0_0_0_0_0_0_0_0_0_0_0_1_0_0_0_0_0_0_0_0_1_0_0_0_0_0_0_0_0_0_0_0_0_0_0_0_0_0_0_0_0_0_0_0_0_0_0_0_0_0_0_0_0_0_1_0_1_0_0_0_0_0_0_0_0_0_1_0_0_0_0_0_0_0_1_0_0_0_0_0_0_0_0_0_0_0_0_0_0_0_0_0_0_0_0_0_0_0_0_0_0_0_0_0_0_0_0_0_0_0_0_0_0_0_0_0_0_0_0_0_0_0_0_0_0_0_0_0_0_0_0_0_0_0_0_0_0_0_0_0_0_0_0_0_0_0_0_0_0_0_0_0_0_1_0_0_0_0_1_0_0_0_0_0_0_0_0_1_0_0_0_0_0_0_0_0_0_0_0_0_0_0_0_0_1_0_0_0_0_0_0_0
1,13,_0_0_0_0_0_0_0_0_0_0_0_0_0_0_0_0_0_0_0_0_0_0_0_0_0_0_0_0_0_0_0_0_0_0_0_0_0_0_0_0_0_0_0_0_0_0_0_0_0_0_0_0_0_0_0_0_0_0_0_0_0_0_0_0_0_0_0_0_0_0_1_0_0_0_0_0_0_0_0_0_0_0_0_0_0_0_1_0_0_0_0_0_0_0_0_0_0_0_0_0_0_0_0_0_0_0_0_0_0_0_0_1_0_0_0_0_0_0_0_0_0_0_0_0_0_1_0_0_0_0_0_0_0_0_0_0_0_0_0_0_0_0_0_0_0_0_0_0_0_0_0_0_0_0_0_1_1_0_0_0_0_0_0_0_0_0_0_0_0_0_1_0_0_0_0_0_0_0_0_0_0_0_0_1_0_0_0_0_0_0_0_0_0_0_0_0_1_0_1_0
1,14,_0_0_0_0_0_0_0_0_0_0_0_0_0_0_0_0_0_0_0_0_1_0_0_0_0_0_0_0_0_0_0_0_0_0_0_0_0_0_0_0_0_0_0_0_0_0_0_0_0_0_0_0_0_0_0_0_0_0_0_0_0_0_0_0_0_0_0_0_0_0_0_0_1_0_0_0_0_0_0_0_0_0_0_0_0_0_0_0_0_0_0_0_0_0_0_0_0_0_1_0_0_0_1_0_0_0_0_0_0_0_0_0_0_0_0_0_0_0_0_0_0_0_0_0_0_0_0_0_0_0_0_0_0_0_0_0_0_1_0_0_0_0_0_0_0_0_0_0_0_0_0_0_0_1_0_0_0_0_0_0_0_0_0_0_0_0_0_1_0_0_0_0_0_0_0_0_0_0_0_0_0_0_1_0_0_0_0_0_0_0_0_0_0_0_0_0_0_0_0_0
1,15,_0_0_0_0_0_0_0_0_0_0_0_0_0_0_0_0_1_0_0_0_0_0_0_0_0_0_1_0_0_0_0_0_0_0_0_0_0_0_0_0_0_0_0_0_0_0_0_0_0_0_0_0_0_0_0_0_0_0_0_0_0_0_0_0_0_0_0_0_0_0_0_0_0_0_0_0_0_0_0_0_0_0_0_0_0_0_0_0_0_0_0_0_0_0_0_0_1_0_0_1_0_0_0_0_0_0_1_0_0_0_1_0_0_0_0_0_0_0_0_0_0_0_0_0_0_0_0_0_0_0_0_1_0_0_0_1_0_0_0_0_0_0_0_0_0_0_0_1_0_0_0_0_0_0_0_0_0_0_0_0_0_0_0_0_0_0_0_0_0_0_0_0_1_0_0_0_0_0_0_0_0_0_0_0_0_0_0_0_0_0_0_0_0_0_0_0_0_0_0_0
1,16,_0_1_0_0_0_0_0_0_0_0_0_0_0_0_0_0_0_0_0_0_0_0_0_0_0_0_0_0_0_0_0_0_0_0_0_0_0_0_0_0_0_0_0_0_0_0_0_0_0_0_1_1_0_0_0_0_0_0_0_0_0_0_0_0_0_0_0_0_0_0_0_0_0_0_0_0_0_0_0_0_0_0_0_0_0_0_0_0_0_0_0_0_0_0_0_0_0_0_0_0_0_0_0_0_0_0_0_0_0_0_0_0_0_0_0_0_0_0_0_0_0_0_0_0_0_0_0_0_0_0_0_0_0_0_0_0_0_0_1_1_0_0_0_1_0_0_0_0_0_0_0_0_0_0_0_0_0_0_0_0_0_0_0_0_0_0_0_0_0_0_0_0_0_1_0_0_0_0_0_1_1_0_0_0_0_0_0_0_0_0_0_0_0_0_0_0_0_0_0_0
1,17,_0_0_0_0_0_0_0_0_0_0_0_0_0_0_0_0_0_0_0_0_0_0_0_0_0_0_0_0_0_0_1_0_0_0_0_0_0_0_0_0_0_0_0_0_0_0_0_0_0_0_0_0_0_0_0_0_0_0_0_0_0_0_0_0_0_0_0_0_0_0_0_0_0_0_0_0_0_0_0_0_0_0_0_0_0_0_0_0_1_0_1_0_0_0_0_0_0_0_0_0_0_1_0_0_0_0_0_0_0_0_0_0_0_0_0_0_0_0_0_0_0_0_0_0_0_0_0_0_0_0_0_0_0_1_0_0_0_0_0_0_1_0_0_0_0_0_0_0_0_0_0_0_0_0_0_0_0_0_0_0_0_0_0_0_0_0_0_0_0_0_0_0_0_0_0_0_0_0_0_0_0_0_0_0_0_0_0_0_0_0_0_0_0_0_0_0_0_0_0_0
1,18,_0_0_0_0_0_0_0_0_0_0_0_0_0_0_0_0_0_0_0_0_0_0_0_1_0_1_0_0_0_0_0_0_0_0_0_0_0_0_0_0_0_0_0_0_0_0_0_0_0_0_0_0_0_0_0_0_0_0_0_1_0_1_0_0_0_1_0_0_0_0_0_0_0_0_0_1_0_0_0_1_0_0_0_1_0_1_0_0_0_0_0_1_0_0_0_0_0_0_0_0_0_0_0_0_0_0_0_0_0_0_0_0_0_0_0_0_1_0_0_0_0_0_0_0_0_0_0_1_0_0_0_0_0_0_0_0_0_0_0_0_0_0_0_0_0_0_0_0_0_0_0_0_0_0_1_0_0_0_0_0_0_0_0_0_0_0_0_0_0_0_0_0_0_0_0_0_0_0_0_0_0_0_0_0_0_0_0_0_0_0_1_0_0_0_0_0_0_0_0_0
1,19,_0_0_0_0_0_0_0_0_0_0_0_0_0_0_0_0_0_0_0_0_0_0_0_0_0_0_0_0_0_0_0_0_0_1_0_0_0_0_0_0_0_0_0_0_0_0_0_0_0_0_0_0_0_0_0_0_0_0_0_0_0_0_0_0_0_0_1_0_0_0_0_0_0_0_0_0_0_0_0_0_0_0_0_0_0_0_0_0_0_0_0_0_0_0_0_0_0_0_0_0_0_0_0_0_0_0_0_0_0_0_0_0_0_0_0_0_0_0_0_0_0_0_0_0_0_0_0_0_0_0_0_0_0_0_0_0_1_0_0_0_0_0_0_0_1_0_0_0_0_1_0_0_1_0_0_0_0_1_0_0_0_0_0_0_0_0_0_0_1_0_0_0_0_0_0_0_1_0_0_0_0_0_0_0_0_0_0_0_0_0_0_0_0_0_0_0_0_1_0_0
