iteration,local_LB,local_UB,LB,UB,gap,un_served,repeat_served
0,29668.0,636793,29668.0,636793,0.953,_393_395_396_399_406_410_411_413_414_419_420_421_422_423_424_425_426_427_429_430_431_432_433_434_435_436_437_438_439_440_441_442_443_444_445_446_447_448_449_451_452_453_454_455_456_457_458_459_460_461_462_463_464_465_466_467_468_469_470_471_472_473_474_475_476_477_478_479_480_481_482_483_484_485_486_487_488_489_490_491_492_493_494_495_496_497_498_499_500_501_502_503_504_505_506_507_508_509_510_511_512_513_514_515_516_517_518_519_520_521_522_523_524_525_526_527_528_529_530_531_532_533_534_535_536_537_538_539_540_541_542_543_544_545_546_547_548_549_550_551_552_553_554_555_556_557_558_559_560_561_562_563_564_565_566_567_568_569_570_571_572_573_574_575_576_577_578_579_580_581_582_583_584_585_586_587_588_589_590_591_592_593_594_595_596_597_598_599_600_601_602_603_604_605_606_607_608_609_610_611_612_613_614_615_616_617_618_619_620_621_622_623_624_625_626_627_628_629_630_631_632_633_634_635_636_637_638_639_640_641_642_643_644_645_646_647_648_649_650_651_652_653_654_655_656_657_658_659_660_661_662_663_664_665_666_667_668_669_670_671_672_673_674_675_676_677_678_679_680_681_682_683_684_685_686_687_688_689_690_691_692_693_694_695_696_697_698_699_700_701_702_703_704_705_706_707_708_709_710_711_712_713_714_715_716_717_718_719_720_721_722_723_724_725_726_727_728_729_730_731_732_733_734_735_736_737_738_739_740_741_742_743_744_745_746_747_748_749_750_751_752_753_754_755_756_757_758_759_760_761_762_763_764_765_766_767_768_769_770_771_772_773_774_775_776_777_778_779_780_781_782_783_784_785_786_787_788_789_790_791_792_793_794_795_796_797_798_799_800_801_802_803_804_805_806_807_808_809_810_811_812_813_814_815_816_817_818_819_820_821_822_823_824_825_826_827_828_829_830_831_832_833_834_835_836_837_838_839_840_841_842_843_844_845_846_847_848_849_850_851_852_853_854_855_856_857_858_859_860_861_862_863_864_865_866_867_868_869_870_871_872_873_874_875_876_877_878_879_880_881_882_883_884_885_886_887_888_889_890_891_892_893_894_895_896_897_898_899_900_901_902_903_904_905_906_907_908_909_910_911_912_913_914_915_916_917_918_919_920_921_922_923_924_925_926_927_928_929_930_931_932_933_934_935_936_937_938_939_940_941_942_943_944_945_946_947_948_949_950_951_952_953_954_955_956_957_958_959_960_961_962_963_964_965_966_967_968_969_970_971_972_973_974_975_976_977_978_979_980_981_982_983_984_985_986_987_988_989_990_991_992_993_994_995_996_997_998_999_1000_1001_1002_1003_1004_1005_1006_1007_1008_1009_1010_1011_1012_1013_1014_1015_1016_1017_1018_1019_1020_1021_1022_1023_1024_1025_1026_1027_1028_1029_1030_1031_1032_1033_1034_1035_1036_1037_1038_1039_1040_1041_1042_1043_1044_1045_1046_1047_1048_1049_1050_1051_1052_1053_1054_1055_1056_1057_1058_1059_1060_1061_1062_1063_1064_1065_1066_1067_1068_1069_1070_1071_1072_1073_1074_1075_1076_1077_1078_1079_1080_1081_1082_1083_1084_1085_1086_1087_1088_1089_1090_1091_1092_1093_1094_1095_1096_1097_1098_1099_1100_1101_1102_1103_1104_1105_1106_1107_1108_1109_1110_1111_1112_1113_1114_1115_1116_1117_1118_1119_1120_1121_1122_1123_1124_1125_1126_1127_1128_1129_1130_1131_1132_1133_1134_1135_1136_1137_1138_1139_1140_1141_1142_1143_1144_1145_1146_1147_1148_1149_1150_1151_1152_1153_1154_1155_1156_1157_1158_1159_1160_1161_1162_1163_1164_1165_1166_1167_1168_1169_1170_1171_1172_1173_1174_1175_1176_1177_1178_1179_1180_1181_1182_1183_1184_1185_1186_1187_1188_1189_1190_1191_1192_1193_1194_1195_1196_1197_1198_1199_1200_1201_1202_1203_1204_1205_1206_1207_1208_1209_1210_1211_1212_1213_1214_1215_1216_1217_1218_1219_1220_1221_1222_1223_1224_1225_1226_1227_1228_1229_1230_1231_1232_1233_1234_1235_1236_1237_1238_1239_1240_1241_1242_1243_1244_1245_1246_1247_1248_1249_1250_1251_1252_1253_1254_1255_1256_1257_1258_1259_1260_1261_1262_1263_1264_1265_1266_1267_1268_1269_1270_1271_1272_1273_1274_1275_1276_1277_1278_1279_1280_1281_1282_1283_1284_1285_1286_1287_1288_1289_1290_1291_1292_1293_1294_1295_1296_1297_1298_1299_1300_1301_1302_1303_1304_1305_1306_1307_1308_1309_1310_1311_1312_1313_1314_1315_1316_1317_1318_1319_1320_1321_1322_1323_1324_1325_1326_1327_1328_1329_1330_1331_1332_1333_1334_1335_1336_1337_1338_1339_1340_1341_1342_1343_1344_1345_1346_1347_1348_1349_1350_1351_1352_1353_1354_1355_1356_1357_1358_1359_1360_1361_1362_1363_1364_1365_1366_1367_1368_1369_1370_1371_1372_1373_1374_1375_1376_1377_1378_1379_1380_1381_1382_1383_1384_1385_1386_1387_1388_1389_1390_1391_1392_1393_1394_1395_1396_1397_1398_1399_1400_1401_1402_1403_1404_1405_1406_1407_1408_1409_1410_1411_1412_1413_1414_1415_1416_1417_1418_1419_1420_1421_1422_1423_1424_1425_1426_1427_1428_1429_1430_1431_1432_1433_1434_1435_1436_1437_1438_1439_1440_1441_1442_1443_1444_1445_1446_1447_1448_1449_1450_1451_1452_1453_1454_1455_1456_1457_1458_1459_1460_1461_1462_1463_1464_1465_1466_1467_1468_1469_1470_1471_1472_1473_1474_1475_1476_1477_1478_1479_1480_1481_1482_1483_1484_1485_1486_1487_1488_1489_1490_1491_1492_1493_1494_1495_1496_1497_1498_1499_1500_1501_1502_1503_1504_1505_1506_1507_1508_1509_1510_1511_1512_1513_1514_1515_1516_1517_1518_1519_1520_1521_1522_1523_1524_1525_1526_1527_1528_1529_1530_1531_1532_1533_1534_1535_1536_1537_1538_1539_1540_1541_1542_1543_1544_1545_1546_1547_1548_1549_1550_1551_1552_1553_1554_1555_1556_1557_1558_1559_1560_1561_1562_1563_1564_1565_1566_1567_1568_1569_1570_1571_1572_1573_1574_1575_1576_1577_1578_1579_1580_1581_1582_1583_1584_1585_1586_1587_1588_1589_1590_1591_1592_1593_1594_1595_1596_1597_1598_1599,
1,-776138.875,529157,29668.0,529157,0.944,,
2,-930134.801,487985,29668.0,487985,0.939,,
3,-577026.514,447379,29668.0,447379,0.934,,
4,-380341.216,423426,29668.0,423426,0.93,,
5,-378960.889,372804,29668.0,372804,0.92,,
6,-266679.577,336265,29668.0,336265,0.912,,
7,-150588.421,321362,29668.0,321362,0.908,,
8,-117647.551,301654,29668.0,301654,0.902,,
9,-103507.353,285661,29668.0,285661,0.896,,
10,-86093.908,266180,29668.0,266180,0.889,,
11,-17010.572,258987,29668.0,258987,0.885,,
12,26989.959,254797,29668.0,254797,0.884,,
13,44409.53,247734,44409.53,247734,0.821,,
14,55900.706,241351,55900.706,241351,0.768,,
15,73691.759,236512,73691.759,236512,0.688,,
16,85264.226,233846,85264.226,233846,0.635,,
17,95027.253,229353,95027.253,229353,0.586,,
18,105300.981,226766,105300.981,226766,0.536,,
19,114038.867,224334,114038.867,224334,0.492,,
20,118882.661,221821,118882.661,221821,0.464,,
21,125187.395,219940,125187.395,219940,0.431,,
22,128947.932,217649,128947.932,217649,0.408,,
23,133376.964,215773,133376.964,215773,0.382,,
24,136016.803,213545,136016.803,213545,0.363,,
25,138994.342,212270,138994.342,212270,0.345,,
26,140572.904,210629,140572.904,210629,0.333,,
27,142958.38,208897,142958.38,208897,0.316,,
28,145845.921,206937,145845.921,206937,0.295,,
29,148928.318,206759,148928.318,206759,0.28,,
30,149428.125,205724,149428.125,205724,0.274,,
31,150709.104,204545,150709.104,204545,0.263,,
32,151798.851,203156,151798.851,203156,0.253,,
33,153645.162,202115,153645.162,202115,0.24,,
34,155962.554,200904,155962.554,200904,0.224,,
35,156465.277,200216,156465.277,200216,0.219,,
36,157982.222,199503,157982.222,199503,0.208,,
37,157972.132,199044,157982.222,199044,0.206,,
38,158570.942,198006,158570.942,198006,0.199,,
39,159961.283,197861,159961.283,197861,0.192,,
40,161224.604,197323,161224.604,197323,0.183,,
41,162248.441,196756,162248.441,196756,0.175,,
42,162369.809,196071,162369.809,196071,0.172,,
43,163214.029,195564,163214.029,195564,0.165,,
44,163111.852,194593,163214.029,194593,0.161,,
45,163455.925,194456,163455.925,194456,0.159,,
46,164028.675,193676,164028.675,193676,0.153,,
47,165390.617,193605,165390.617,193605,0.146,,
48,164758.583,193231,165390.617,193231,0.144,,
49,166515.842,192614,166515.842,192614,0.135,,
50,166534.092,192399,166534.092,192399,0.134,,
51,166656.312,191835,166656.312,191835,0.131,,
52,165957.876,191195,166656.312,191195,0.128,,
53,167910.68,191001,167910.68,191001,0.121,,
54,167548.342,190801,167910.68,190801,0.12,,
55,169221.148,190089,169221.148,190089,0.11,,
56,167122.632,190141,169221.148,190089,0.11,,
57,169414.065,189891,169414.065,189891,0.108,,
58,169457.666,189433,169457.666,189433,0.105,,
59,170087.331,189058,170087.331,189058,0.1,,
60,168905.04,189030,170087.331,189030,0.1,,
61,170326.638,188519,170326.638,188519,0.097,,
62,170072.992,188675,170326.638,188519,0.097,,
63,170883.639,187936,170883.639,187936,0.091,,
64,170489.47,187856,170883.639,187856,0.09,,
65,170965.783,187603,170965.783,187603,0.089,,
66,170496.828,187112,170965.783,187112,0.086,,
67,171639.288,186810,171639.288,186810,0.081,,
68,171151.723,186897,171639.288,186810,0.081,,
69,172398.406,186778,172398.406,186778,0.077,,
70,171978.195,187095,172398.406,186778,0.077,,
71,172592.423,186400,172592.423,186400,0.074,,
72,172070.702,186694,172592.423,186400,0.074,,
73,172438.299,186323,172592.423,186323,0.074,,
74,172054.715,186594,172592.423,186323,0.074,,
75,172871.648,186190,172871.648,186190,0.072,,
76,172130.631,185854,172871.648,185854,0.07,,
77,173008.152,185313,173008.152,185313,0.066,,
78,173325.567,185218,173325.567,185218,0.064,,
79,173034.009,185335,173325.567,185218,0.064,,
80,173381.056,184913,173381.056,184913,0.062,,
81,173744.605,184964,173744.605,184913,0.06,,
82,173251.29,184353,173744.605,184353,0.058,,
83,173971.936,184811,173971.936,184353,0.056,,
84,174227.502,184632,174227.502,184353,0.055,,
85,174107.724,184696,174227.502,184353,0.055,,
86,174021.659,184263,174227.502,184263,0.054,,
87,174483.487,184415,174483.487,184263,0.053,,
88,173760.599,184322,174483.487,184263,0.053,,
89,174773.889,184417,174773.889,184263,0.051,,
90,174403.658,184186,174773.889,184186,0.051,,
91,174606.441,183568,174773.889,183568,0.048,,
92,174787.919,183515,174787.919,183515,0.048,,
93,174330.501,183971,174787.919,183515,0.048,,
94,174544.511,183907,174787.919,183515,0.048,,
95,175045.369,183638,175045.369,183515,0.046,,
96,174424.797,183600,175045.369,183515,0.046,,
97,174889.991,183895,175045.369,183515,0.046,,
98,175070.35,182915,175070.35,182915,0.043,,
99,175118.073,184046,175118.073,182915,0.043,,
100,174897.553,182834,175118.073,182834,0.042,,
101,175561.846,183705,175561.846,182834,0.04,,
102,175052.743,182830,175561.846,182830,0.04,,
103,175655.469,182749,175655.469,182749,0.039,,
104,175391.071,183328,175655.469,182749,0.039,,
105,175718.78,182841,175718.78,182749,0.038,,
106,175232.69,182660,175718.78,182660,0.038,,
107,175482.392,183170,175718.78,182660,0.038,,
108,175592.257,181817,175718.78,181817,0.034,,
109,175658.975,182308,175718.78,181817,0.034,,
110,175883.881,182645,175883.881,181817,0.033,,
111,175749.576,182503,175883.881,181817,0.033,,
112,175974.79,182259,175974.79,181817,0.032,,
113,175850.448,182859,175974.79,181817,0.032,,
114,176104.226,182148,176104.226,181817,0.031,,
115,175958.618,182533,176104.226,181817,0.031,,
116,175802.15,181814,176104.226,181814,0.031,,
117,176117.516,182105,176117.516,181814,0.031,,
118,176057.292,181845,176117.516,181814,0.031,,
119,176015.057,181807,176117.516,181807,0.031,,
120,175869.948,181499,176117.516,181499,0.03,,
121,176319.05,181391,176319.05,181391,0.028,,
122,176042.583,181628,176319.05,181391,0.028,,
123,176453.43,181557,176453.43,181391,0.027,,
124,176168.209,181567,176453.43,181391,0.027,,
125,176584.043,181809,176584.043,181391,0.027,,
126,176183.715,181704,176584.043,181391,0.027,,
127,176519.74,181729,176584.043,181391,0.027,,
128,176397.596,181814,176584.043,181391,0.027,,
129,176198.655,181539,176584.043,181391,0.027,,
130,176606.345,181738,176606.345,181391,0.026,,
131,175901.482,181642,176606.345,181391,0.026,,
132,176603.414,181609,176606.345,181391,0.026,,
133,176330.522,180904,176606.345,180904,0.024,,
134,176706.159,181195,176706.159,180904,0.023,,
135,176552.846,181460,176706.159,180904,0.023,,
136,176612.08,181288,176706.159,180904,0.023,,
137,176639.74,181202,176706.159,180904,0.023,,
138,176615.031,181424,176706.159,180904,0.023,,
139,176608.958,181222,176706.159,180904,0.023,,
140,176663.66,181386,176706.159,180904,0.023,,
141,176414.359,181215,176706.159,180904,0.023,,
142,176730.705,181148,176730.705,180904,0.023,,
143,176679.822,181191,176730.705,180904,0.023,,
144,176466.362,181647,176730.705,180904,0.023,,
145,176656.877,181091,176730.705,180904,0.023,,
146,176600.794,180900,176730.705,180900,0.023,,
147,176612.693,181023,176730.705,180900,0.023,,
148,176706.248,181040,176730.705,180900,0.023,,
149,176541.565,180613,176730.705,180613,0.021,,
150,176649.708,180674,176730.705,180613,0.021,,
151,176895.155,181023,176895.155,180613,0.021,,
152,176691.087,180936,176895.155,180613,0.021,,
153,177061.356,180819,177061.356,180613,0.02,,
154,176618.221,181546,177061.356,180613,0.02,,
155,177147.081,181415,177147.081,180613,0.019,,
156,176712.178,181201,177147.081,180613,0.019,,
157,177118.82,181203,177147.081,180613,0.019,,
158,176870.864,180956,177147.081,180613,0.019,,
159,177014.634,180932,177147.081,180613,0.019,,
160,176787.812,180759,177147.081,180613,0.019,,
161,176896.538,180972,177147.081,180613,0.019,,
162,176878.465,180960,177147.081,180613,0.019,,
163,176923.541,180904,177147.081,180613,0.019,,
164,176924.093,180470,177147.081,180470,0.018,,
165,176963.466,180882,177147.081,180470,0.018,,
166,177511.153,180855,177511.153,180470,0.016,,
167,177607.11,180638,177607.11,180470,0.016,,
168,177795.069,181186,177795.069,180470,0.015,,
169,177714.459,181247,177795.069,180470,0.015,,
170,177816.894,181212,177816.894,180470,0.015,,
171,177795.259,181134,177816.894,180470,0.015,,
172,177756.992,181255,177816.894,180470,0.015,,
173,177790.188,181107,177816.894,180470,0.015,,
174,177753.597,181212,177816.894,180470,0.015,,
175,177821.587,181054,177821.587,180470,0.015,,
176,177747.854,181414,177821.587,180470,0.015,,
177,177792.019,181445,177821.587,180470,0.015,,
178,177734.857,180732,177821.587,180470,0.015,,
179,177796.732,181013,177821.587,180470,0.015,,
180,177772.759,181140,177821.587,180470,0.015,,
181,177809.775,181067,177821.587,180470,0.015,,
182,177731.654,181110,177821.587,180470,0.015,,
183,177797.283,180667,177821.587,180470,0.015,,
184,177779.076,181427,177821.587,180470,0.015,,
185,177737.029,181014,177821.587,180470,0.015,,
186,178030.654,180760,178030.654,180470,0.014,,
187,178024.122,181157,178030.654,180470,0.014,,
188,178097.479,181051,178097.479,180470,0.013,,
189,177994.611,181716,178097.479,180470,0.013,,
190,178095.56,180713,178097.479,180470,0.013,,
191,177982.362,181258,178097.479,180470,0.013,,
192,178090.126,180928,178097.479,180470,0.013,,
193,177999.516,181095,178097.479,180470,0.013,,
194,178072.884,180973,178097.479,180470,0.013,,
195,178005.025,180940,178097.479,180470,0.013,,
196,178070.98,181422,178097.479,180470,0.013,,
197,178003.495,181165,178097.479,180470,0.013,,
198,178088.019,181131,178097.479,180470,0.013,,
199,178159.924,181312,178159.924,180470,0.013,,
Running time: 1407.56 sec