iteration,0,1,2,3,4,5,6,7,8,9,10,11,12,13,14,15,16,17,18,19,20,21,22,23,24,25,26,27,28,29,30,31,32,33,34,35,36,37,38,39,40,41,42,43,44,45,46,47,48,49,50,51,52,53,54,55,56,57,58,59,60,61,62,63,64,65,66,67,68,69,70,71,72,73,74,75,76,77,78,79,80,81,82,83,84,85,86,87,88,89,90,91,92,93,94,95,96,97,98,99,100,101,102,103,104,105,106,107,108,109,110,111,112,113,114,115,116,117,118,119,120,121,122,123,124,125,126,127,128,129,130,131,132,133,134,135,136,137,138,139,140,141,142,143,144,145,146,147,148,149,150,151,152,153,154,155,156,157,158,159,160,161,162,163,164,165,166,167,168,169,170,171,172,173,174,175,176,177,178,179,180,181,182,183,184,185,186,187,188,189,190,191,192,193,194,195,196,197,198,199
0,-22,-24,-38,-40,-25,-30,-46,-50,-24,-26,-23,-27,-7,-51,-17,-57,-33,-30,-13,-21,-17,-26,-48,-34,-61,-9,-21,-24,-27,-34,-37,-27,-23,-31,-12,-49,-38,-34,-26,-46,-35,-36,-43,-22,-25,-28,-78,-35,-18,-56,-70,-26,-36,-25,-25,-16,-27,-13,-27,-44,-23,-45,-13,-4,-28,-50,-19,-48,-61,-39,-24,-25,-4,-8,-75,-34,-23,-28,-33,-3,-15,-25,-22,-31,-5,-24,-22,-17,-16,-37,-34,-28,-41,-27,-31,-54,-40,-23,-94,-17,-88,-50,-21,-28,-25,-20,-34,-33,-37,-28,-38,-49,-23,-15,-37,-18,-57,-29,-33,-13,-19,-56,-80,-29,-22,-45,-35,-66,-40,-38,-24,-35,-59,-8,-27,-54,-22,-20,-17,-29,-35,-90,-21,-44,-38,-23,-47,-40,-36,-12,-30,-23,-28,-7,-48,-20,-35,-37,-28,-70,-40,-37,-43,-63,-21,-26,-16,-27,-26,-20,-32,-15,-16,-37,-34,-24,-21,-44,-39,-40,-45,-42,-27,-51,-39,-23,-48,-15,-20,-8,-22,-27,-35,-28,-41,-16,-77,-24,-28,-71
1,-27,-29,-38,-40,-30,-35,-46,-50,-29,-31,-28,-32,-12,-51,-22,-57,-38,-35,-18,-26,-22,-26,-48,-34,-61,-14,-26,-29,-32,-34,-37,-32,-28,-36,-17,-49,-38,-39,-31,-46,-35,-41,-43,-27,-30,-33,-78,-40,-23,-56,-70,-26,-36,-30,-30,-21,-32,-18,-32,-44,-28,-45,-18,-9,-33,-50,-24,-48,-61,-39,-29,-25,-9,-13,-75,-39,-28,-33,-33,-8,-20,-30,-27,-36,-10,-29,-27,-22,-21,-37,-34,-33,-41,-32,-36,-54,-40,-28,-94,-22,-88,-50,-26,-33,-30,-25,-34,-33,-37,-33,-38,-49,-28,-20,-37,-23,-57,-34,-33,-18,-24,-56,-80,-34,-27,-45,-35,-66,-40,-38,-29,-35,-59,-13,-32,-54,-27,-25,-22,-34,-40,-90,-26,-44,-38,-28,-47,-40,-41,-17,-35,-28,-33,-12,-48,-25,-35,-37,-33,-70,-40,-37,-43,-63,-26,-31,-21,-32,-31,-25,-37,-20,-21,-37,-39,-29,-26,-44,-39,-40,-45,-42,-32,-51,-39,-28,-48,-20,-25,-13,-27,-32,-40,-33,-41,-21,-77,-29,-33,-71
2,-32,-29,-43,-40,-35,-35,-51,-50,-34,-36,-28,-32,-17,-56,-27,-62,-43,-35,-23,-31,-27,-31,-53,-39,-66,-19,-31,-34,-37,-39,-42,-32,-28,-36,-22,-49,-43,-39,-31,-51,-40,-41,-48,-32,-30,-33,-83,-40,-28,-61,-70,-31,-41,-30,-30,-26,-37,-23,-32,-44,-28,-50,-23,-14,-33,-55,-29,-53,-61,-44,-34,-30,-14,-18,-80,-39,-28,-33,-38,-13,-25,-30,-32,-36,-15,-34,-32,-27,-26,-42,-39,-33,-46,-32,-36,-54,-45,-33,-99,-22,-88,-55,-31,-33,-30,-30,-39,-38,-42,-33,-43,-49,-28,-25,-42,-28,-62,-34,-38,-23,-29,-61,-80,-39,-32,-50,-40,-66,-45,-43,-34,-40,-64,-18,-37,-59,-27,-30,-27,-34,-40,-90,-31,-49,-43,-33,-52,-45,-41,-22,-35,-28,-33,-17,-53,-30,-40,-42,-33,-75,-45,-42,-48,-68,-26,-31,-26,-32,-36,-30,-37,-25,-26,-42,-39,-34,-31,-49,-44,-45,-50,-47,-37,-56,-44,-33,-53,-25,-30,-18,-32,-32,-40,-33,-46,-26,-82,-34,-33,-71
3,-37,-34,-43,-45,-35,-40,-51,-55,-39,-36,-33,-37,-22,-56,-32,-67,-43,-40,-28,-31,-27,-31,-53,-44,-66,-24,-36,-34,-37,-44,-42,-37,-33,-41,-27,-54,-48,-44,-36,-51,-40,-46,-53,-37,-35,-38,-83,-45,-33,-61,-75,-36,-46,-35,-35,-31,-37,-28,-37,-49,-33,-50,-28,-19,-38,-55,-34,-53,-66,-44,-39,-35,-19,-23,-80,-44,-33,-38,-43,-18,-30,-35,-37,-41,-20,-39,-32,-32,-31,-42,-39,-38,-46,-37,-41,-59,-45,-38,-99,-27,-93,-55,-36,-38,-35,-35,-39,-38,-47,-38,-43,-54,-33,-30,-42,-33,-62,-39,-38,-28,-34,-61,-85,-39,-32,-55,-40,-71,-45,-48,-34,-45,-64,-23,-42,-59,-32,-35,-32,-39,-45,-95,-31,-49,-48,-38,-52,-45,-46,-27,-40,-33,-38,-22,-53,-35,-40,-47,-38,-75,-45,-47,-48,-68,-31,-36,-31,-37,-36,-35,-42,-25,-31,-47,-44,-39,-31,-49,-49,-50,-50,-47,-42,-56,-49,-38,-53,-30,-35,-23,-32,-37,-45,-38,-46,-26,-82,-34,-38,-76
4,-42,-39,-48,-50,-40,-40,-56,-60,-39,-41,-38,-42,-27,-61,-37,-67,-48,-40,-33,-36,-32,-36,-58,-44,-66,-29,-36,-39,-42,-44,-47,-42,-38,-41,-27,-59,-48,-49,-36,-56,-45,-46,-53,-37,-40,-43,-83,-45,-38,-66,-75,-41,-46,-40,-40,-36,-42,-33,-42,-54,-38,-55,-33,-24,-43,-55,-39,-53,-66,-44,-44,-35,-24,-28,-80,-44,-38,-43,-43,-23,-35,-40,-42,-46,-25,-39,-37,-37,-31,-42,-44,-43,-46,-42,-46,-59,-50,-38,-99,-32,-93,-60,-41,-43,-35,-35,-44,-43,-47,-43,-48,-54,-33,-35,-47,-38,-62,-44,-43,-33,-34,-61,-85,-44,-37,-55,-45,-71,-50,-48,-39,-45,-69,-28,-42,-59,-37,-40,-37,-39,-45,-95,-36,-54,-48,-43,-57,-50,-51,-32,-40,-38,-38,-27,-58,-40,-45,-47,-38,-75,-50,-47,-53,-68,-36,-41,-36,-42,-41,-40,-47,-30,-36,-47,-44,-39,-36,-54,-49,-50,-55,-52,-47,-61,-49,-38,-58,-35,-40,-28,-37,-42,-45,-43,-51,-31,-82,-39,-38,-76
5,-42,-44,-48,-50,-40,-45,-56,-60,-44,-46,-38,-42,-32,-61,-42,-67,-48,-45,-38,-41,-37,-36,-58,-49,-71,-34,-41,-44,-47,-49,-52,-47,-38,-46,-32,-59,-48,-49,-41,-56,-50,-51,-53,-42,-45,-43,-88,-50,-43,-66,-80,-41,-51,-40,-40,-41,-47,-38,-42,-54,-43,-55,-38,-29,-43,-60,-44,-58,-71,-49,-49,-40,-29,-33,-85,-49,-43,-48,-48,-28,-40,-40,-47,-51,-30,-44,-42,-37,-36,-47,-44,-43,-51,-42,-46,-64,-50,-43,-99,-32,-93,-60,-46,-43,-40,-40,-44,-48,-52,-43,-53,-59,-38,-40,-47,-43,-67,-44,-43,-38,-39,-66,-85,-49,-42,-60,-50,-71,-55,-53,-44,-50,-69,-33,-47,-64,-37,-45,-42,-44,-50,-95,-41,-54,-53,-48,-57,-55,-51,-37,-45,-38,-43,-32,-58,-40,-50,-52,-43,-80,-50,-47,-53,-73,-41,-41,-41,-42,-46,-45,-52,-35,-41,-52,-49,-44,-41,-54,-54,-55,-55,-52,-47,-61,-54,-43,-58,-40,-45,-33,-42,-42,-50,-43,-56,-36,-82,-44,-43,-81
6,-47,-44,-53,-55,-45,-50,-61,-60,-49,-51,-43,-47,-37,-61,-47,-67,-53,-50,-43,-46,-42,-41,-58,-49,-71,-39,-46,-49,-47,-54,-52,-47,-43,-51,-37,-64,-53,-54,-46,-61,-50,-51,-53,-42,-45,-48,-88,-55,-43,-66,-80,-46,-56,-45,-45,-46,-47,-43,-47,-59,-43,-60,-43,-34,-48,-60,-49,-58,-71,-49,-49,-45,-34,-38,-85,-54,-48,-48,-48,-33,-45,-45,-47,-51,-35,-49,-47,-42,-41,-52,-49,-48,-56,-47,-51,-64,-55,-43,-99,-37,-93,-60,-46,-48,-40,-45,-49,-48,-52,-48,-53,-64,-43,-45,-52,-43,-67,-49,-48,-43,-44,-66,-85,-49,-42,-60,-50,-76,-55,-53,-49,-55,-69,-38,-52,-64,-42,-50,-47,-49,-55,-95,-46,-59,-53,-53,-62,-55,-56,-42,-45,-43,-48,-37,-63,-45,-50,-52,-48,-80,-55,-52,-58,-73,-46,-46,-41,-47,-51,-45,-52,-40,-46,-52,-54,-49,-46,-54,-54,-55,-60,-57,-52,-61,-54,-48,-63,-45,-50,-38,-42,-47,-55,-48,-56,-41,-87,-44,-48,-81
7,-52,-49,-58,-60,-45,-50,-61,-65,-54,-51,-48,-52,-42,-66,-52,-72,-58,-50,-48,-46,-47,-46,-63,-54,-71,-44,-51,-54,-52,-54,-52,-52,-48,-51,-42,-64,-53,-59,-51,-61,-55,-56,-58,-42,-50,-48,-88,-55,-48,-71,-80,-51,-56,-50,-50,-51,-52,-48,-47,-59,-48,-60,-48,-39,-48,-65,-49,-58,-71,-54,-54,-45,-39,-43,-90,-54,-48,-53,-53,-38,-50,-45,-52,-56,-40,-54,-47,-47,-46,-52,-49,-53,-56,-52,-51,-64,-55,-48,-104,-42,-93,-65,-51,-48,-45,-50,-54,-53,-57,-48,-58,-64,-43,-50,-57,-48,-72,-54,-53,-48,-49,-71,-90,-54,-47,-60,-50,-76,-60,-58,-49,-55,-74,-43,-52,-69,-47,-55,-52,-49,-55,-100,-51,-59,-58,-53,-62,-55,-56,-47,-50,-48,-48,-42,-63,-50,-55,-57,-48,-80,-55,-57,-58,-73,-51,-51,-46,-52,-56,-50,-57,-45,-51,-57,-54,-54,-46,-59,-59,-60,-60,-62,-57,-66,-59,-53,-63,-50,-55,-43,-47,-47,-55,-53,-61,-46,-87,-49,-48,-81
8,-57,-54,-58,-60,-50,-55,-61,-65,-59,-56,-48,-52,-47,-66,-57,-72,-58,-55,-53,-51,-52,-46,-63,-54,-76,-49,-56,-59,-57,-54,-57,-57,-53,-56,-47,-69,-58,-59,-51,-61,-55,-61,-63,-47,-50,-53,-88,-60,-53,-71,-85,-51,-61,-55,-50,-56,-57,-53,-52,-59,-53,-65,-53,-44,-53,-65,-54,-63,-76,-54,-59,-50,-44,-48,-90,-59,-53,-58,-53,-43,-55,-50,-57,-61,-45,-59,-52,-52,-51,-52,-49,-53,-56,-52,-56,-69,-60,-53,-104,-47,-98,-70,-56,-53,-50,-55,-54,-53,-57,-53,-58,-64,-48,-55,-57,-53,-72,-59,-53,-53,-54,-71,-90,-59,-52,-65,-55,-76,-60,-58,-54,-60,-74,-48,-57,-69,-52,-60,-52,-54,-60,-100,-51,-64,-58,-58,-62,-60,-61,-52,-55,-53,-53,-47,-63,-50,-55,-57,-48,-80,-60,-57,-58,-78,-51,-51,-51,-52,-61,-55,-62,-50,-56,-57,-59,-59,-51,-64,-59,-60,-65,-62,-62,-66,-59,-58,-68,-55,-60,-48,-52,-52,-60,-58,-61,-51,-87,-49,-53,-81
9,-57,-54,-58,-65,-55,-55,-66,-65,-59,-61,-53,-52,-52,-71,-62,-72,-63,-55,-58,-56,-52,-51,-68,-59,-76,-54,-61,-64,-62,-59,-57,-57,-58,-61,-52,-69,-58,-64,-56,-66,-60,-61,-63,-52,-55,-58,-93,-60,-58,-71,-85,-56,-61,-55,-55,-56,-57,-58,-57,-64,-53,-65,-58,-49,-58,-65,-59,-63,-76,-59,-64,-55,-49,-53,-90,-59,-53,-63,-58,-48,-60,-55,-62,-61,-50,-64,-57,-57,-56,-57,-54,-58,-61,-57,-61,-69,-60,-53,-104,-52,-98,-70,-61,-58,-50,-60,-59,-58,-62,-58,-63,-69,-53,-60,-62,-53,-72,-59,-58,-58,-59,-71,-90,-59,-57,-65,-55,-76,-65,-58,-59,-60,-74,-53,-62,-74,-57,-65,-57,-54,-60,-100,-56,-64,-63,-63,-67,-65,-66,-57,-55,-58,-58,-52,-68,-55,-60,-62,-53,-80,-60,-62,-58,-78,-56,-56,-56,-57,-66,-55,-62,-55,-61,-57,-59,-59,-56,-64,-64,-65,-65,-67,-62,-71,-64,-63,-68,-60,-60,-53,-52,-57,-60,-58,-66,-56,-92,-54,-58,-81
10,-62,-59,-63,-65,-55,-60,-66,-70,-59,-66,-58,-57,-57,-71,-67,-77,-68,-60,-63,-61,-57,-56,-68,-59,-76,-59,-61,-64,-67,-64,-62,-62,-58,-61,-57,-69,-63,-64,-61,-66,-65,-66,-68,-57,-60,-58,-93,-65,-58,-76,-85,-56,-66,-60,-60,-61,-62,-63,-57,-69,-58,-70,-63,-54,-63,-70,-64,-68,-76,-64,-69,-55,-54,-58,-90,-64,-58,-63,-63,-53,-65,-55,-67,-66,-55,-64,-57,-57,-61,-57,-59,-63,-61,-62,-61,-74,-65,-58,-104,-57,-98,-70,-66,-58,-55,-60,-59,-63,-62,-63,-63,-69,-58,-65,-62,-58,-77,-64,-58,-63,-64,-76,-90,-64,-57,-65,-60,-81,-70,-63,-64,-65,-79,-58,-62,-74,-57,-70,-62,-59,-65,-100,-56,-64,-63,-68,-67,-65,-66,-62,-60,-63,-58,-57,-68,-60,-65,-62,-58,-85,-65,-62,-63,-78,-61,-56,-61,-62,-71,-60,-67,-60,-61,-62,-64,-64,-61,-69,-64,-65,-65,-67,-67,-71,-69,-68,-73,-65,-65,-58,-57,-57,-65,-63,-66,-61,-92,-59,-58,-86
11,-67,-64,-63,-65,-60,-65,-66,-75,-64,-71,-63,-62,-62,-76,-72,-77,-68,-60,-68,-66,-62,-56,-68,-64,-76,-64,-66,-69,-72,-64,-62,-67,-63,-66,-62,-74,-63,-69,-61,-71,-65,-66,-68,-57,-60,-63,-93,-65,-63,-76,-85,-61,-71,-65,-60,-66,-62,-68,-62,-69,-63,-70,-63,-59,-63,-70,-64,-68,-76,-64,-69,-60,-59,-63,-90,-69,-63,-68,-63,-58,-70,-60,-67,-71,-60,-69,-62,-62,-66,-62,-59,-63,-66,-67,-61,-74,-70,-63,-109,-62,-103,-70,-71,-63,-60,-65,-64,-63,-67,-63,-68,-69,-58,-70,-67,-63,-77,-69,-63,-68,-64,-76,-95,-69,-62,-70,-65,-86,-70,-63,-64,-65,-79,-63,-62,-74,-62,-75,-67,-64,-65,-105,-61,-69,-68,-73,-72,-70,-71,-67,-65,-68,-63,-62,-73,-60,-65,-67,-58,-85,-65,-67,-63,-78,-66,-61,-66,-62,-71,-65,-67,-65,-66,-67,-69,-69,-61,-69,-69,-70,-70,-72,-72,-76,-69,-73,-73,-70,-65,-63,-62,-62,-65,-68,-71,-61,-92,-64,-63,-86
12,-67,-69,-68,-70,-65,-65,-71,-75,-69,-76,-68,-67,-67,-76,-77,-77,-73,-65,-73,-71,-67,-61,-73,-64,-81,-64,-71,-69,-77,-69,-67,-67,-68,-66,-67,-74,-68,-74,-66,-71,-70,-71,-73,-62,-65,-63,-93,-70,-63,-76,-90,-66,-71,-70,-65,-66,-67,-73,-67,-74,-68,-70,-68,-64,-68,-75,-69,-68,-81,-64,-74,-65,-64,-68,-90,-69,-68,-73,-68,-63,-75,-65,-72,-71,-65,-69,-67,-67,-71,-62,-64,-68,-66,-67,-66,-79,-70,-63,-109,-67,-103,-75,-71,-63,-60,-70,-69,-68,-67,-68,-68,-69,-63,-75,-67,-68,-82,-69,-68,-73,-69,-76,-95,-69,-67,-70,-65,-86,-70,-68,-69,-70,-79,-68,-67,-79,-67,-80,-72,-69,-70,-105,-66,-69,-68,-73,-72,-70,-71,-72,-65,-73,-68,-67,-73,-65,-70,-67,-63,-85,-70,-67,-68,-83,-71,-66,-71,-67,-76,-65,-72,-70,-66,-67,-74,-74,-66,-69,-69,-70,-70,-72,-77,-76,-74,-73,-73,-75,-70,-68,-62,-62,-70,-68,-71,-66,-92,-64,-68,-91
13,-67,-69,-68,-75,-65,-70,-76,-75,-69,-81,-68,-72,-72,-81,-77,-82,-78,-70,-78,-76,-72,-66,-73,-69,-81,-69,-71,-74,-77,-69,-67,-72,-68,-71,-67,-79,-68,-74,-71,-76,-70,-76,-73,-67,-70,-68,-93,-70,-68,-81,-90,-66,-76,-70,-70,-71,-67,-78,-67,-74,-73,-75,-68,-69,-68,-75,-69,-73,-81,-69,-79,-70,-69,-73,-95,-74,-68,-78,-68,-68,-80,-65,-77,-76,-70,-69,-67,-72,-76,-67,-69,-73,-71,-72,-71,-79,-70,-68,-109,-72,-103,-75,-76,-68,-65,-75,-69,-73,-72,-68,-73,-74,-68,-75,-67,-68,-82,-69,-68,-78,-69,-81,-95,-74,-72,-75,-70,-86,-75,-68,-74,-70,-84,-73,-67,-79,-72,-80,-77,-69,-70,-105,-71,-74,-73,-73,-77,-75,-76,-72,-70,-78,-68,-67,-78,-70,-70,-72,-68,-90,-70,-72,-73,-83,-76,-71,-76,-72,-81,-70,-77,-75,-71,-72,-74,-79,-71,-74,-69,-75,-75,-77,-77,-76,-74,-78,-78,-80,-70,-73,-67,-67,-70,-73,-76,-71,-92,-69,-73,-91
14,-72,-74,-73,-75,-70,-75,-76,-80,-74,-81,-73,-72,-77,-81,-82,-82,-78,-70,-83,-76,-77,-66,-78,-74,-86,-69,-71,-74,-82,-74,-72,-77,-73,-71,-72,-79,-68,-79,-76,-76,-70,-76,-78,-72,-70,-68,-98,-75,-73,-86,-90,-71,-76,-75,-75,-76,-72,-83,-72,-79,-73,-80,-73,-74,-73,-80,-74,-78,-86,-69,-84,-70,-74,-78,-95,-79,-73,-78,-73,-68,-85,-70,-77,-81,-75,-74,-72,-72,-81,-67,-69,-78,-71,-77,-71,-84,-75,-73,-114,-77,-108,-80,-76,-73,-70,-80,-74,-73,-72,-73,-78,-79,-68,-80,-72,-73,-82,-74,-73,-78,-74,-81,-100,-74,-77,-75,-70,-86,-75,-73,-79,-75,-84,-78,-72,-79,-77,-85,-82,-74,-75,-105,-71,-74,-73,-78,-77,-75,-81,-77,-70,-78,-73,-72,-78,-70,-75,-72,-68,-90,-75,-72,-73,-83,-81,-76,-81,-72,-81,-75,-77,-80,-71,-72,-79,-84,-71,-74,-74,-80,-75,-77,-82,-81,-79,-83,-78,-80,-75,-78,-72,-72,-75,-73,-81,-76,-97,-74,-73,-91
15,-77,-74,-73,-75,-75,-75,-76,-80,-79,-86,-78,-77,-82,-81,-82,-82,-83,-75,-83,-81,-82,-71,-83,-74,-86,-74,-76,-79,-82,-74,-72,-82,-73,-76,-77,-84,-73,-84,-76,-81,-75,-81,-78,-72,-75,-73,-98,-75,-73,-86,-90,-76,-81,-75,-75,-76,-72,-88,-77,-79,-78,-80,-73,-79,-78,-85,-74,-78,-86,-74,-89,-75,-79,-83,-100,-79,-78,-78,-73,-73,-90,-75,-82,-86,-80,-74,-72,-77,-86,-72,-74,-83,-76,-82,-76,-84,-80,-78,-114,-82,-108,-80,-81,-78,-75,-80,-74,-78,-77,-78,-78,-79,-73,-80,-72,-73,-87,-79,-73,-83,-79,-81,-100,-79,-82,-75,-75,-86,-80,-78,-84,-80,-89,-78,-72,-84,-82,-85,-87,-74,-75,-110,-76,-79,-78,-83,-82,-80,-81,-77,-75,-83,-73,-77,-83,-75,-80,-77,-73,-95,-75,-77,-73,-88,-86,-76,-81,-77,-86,-80,-82,-80,-76,-77,-84,-89,-76,-79,-79,-80,-80,-82,-82,-81,-79,-83,-83,-85,-75,-78,-77,-72,-75,-78,-81,-81,-97,-74,-78,-96
16,-82,-79,-78,-80,-75,-80,-81,-85,-84,-86,-78,-82,-87,-86,-87,-87,-88,-80,-88,-81,-87,-76,-83,-79,-91,-74,-76,-79,-82,-79,-77,-82,-78,-81,-77,-89,-78,-84,-81,-81,-75,-86,-78,-77,-80,-78,-98,-80,-78,-86,-95,-81,-86,-80,-80,-81,-77,-93,-77,-84,-78,-80,-78,-79,-83,-85,-74,-78,-86,-74,-94,-80,-79,-83,-100,-84,-83,-83,-78,-78,-95,-75,-82,-86,-85,-79,-77,-82,-91,-72,-74,-83,-76,-82,-76,-84,-80,-78,-114,-82,-108,-85,-81,-78,-80,-85,-79,-83,-77,-78,-83,-79,-78,-85,-77,-78,-87,-79,-78,-83,-79,-86,-100,-84,-87,-80,-80,-91,-85,-78,-84,-80,-89,-83,-72,-84,-87,-90,-92,-79,-80,-110,-76,-84,-78,-83,-82,-85,-86,-82,-80,-83,-78,-77,-83,-80,-85,-82,-73,-95,-80,-82,-78,-88,-91,-81,-86,-82,-86,-85,-87,-85,-76,-77,-89,-89,-76,-79,-79,-85,-80,-82,-87,-86,-84,-88,-83,-85,-80,-83,-82,-77,-80,-78,-86,-86,-97,-79,-83,-96
17,-82,-84,-78,-85,-80,-85,-81,-85,-89,-91,-83,-87,-87,-86,-87,-87,-88,-80,-88,-86,-92,-76,-83,-79,-91,-79,-81,-84,-87,-79,-77,-87,-83,-81,-82,-89,-78,-89,-86,-86,-80,-86,-83,-77,-85,-83,-103,-85,-78,-86,-95,-81,-91,-80,-85,-86,-77,-98,-82,-89,-83,-85,-83,-84,-88,-85,-79,-83,-91,-79,-94,-85,-79,-83,-105,-84,-83,-88,-78,-83,-95,-80,-87,-91,-90,-79,-82,-82,-96,-77,-79,-88,-81,-87,-81,-89,-85,-83,-114,-87,-113,-85,-86,-83,-80,-85,-79,-88,-82,-83,-88,-84,-83,-90,-77,-78,-87,-84,-83,-88,-84,-86,-100,-84,-92,-80,-80,-91,-85,-83,-89,-85,-94,-88,-77,-89,-87,-90,-97,-84,-80,-110,-81,-84,-83,-83,-87,-85,-86,-82,-80,-88,-83,-82,-88,-85,-85,-82,-78,-95,-80,-82,-78,-93,-96,-86,-86,-82,-91,-85,-87,-85,-81,-82,-89,-89,-81,-84,-84,-90,-85,-87,-87,-86,-84,-88,-88,-90,-80,-83,-87,-82,-80,-83,-86,-91,-102,-79,-88,-96
18,-82,-84,-83,-85,-85,-85,-86,-85,-94,-91,-88,-87,-92,-91,-92,-92,-88,-85,-93,-86,-92,-81,-88,-84,-91,-84,-86,-89,-87,-84,-82,-92,-88,-86,-87,-89,-83,-89,-91,-86,-85,-91,-88,-82,-85,-88,-103,-85,-83,-91,-95,-86,-91,-85,-90,-86,-82,-103,-82,-89,-88,-85,-83,-84,-88,-90,-84,-83,-91,-79,-94,-85,-84,-88,-105,-89,-88,-88,-83,-83,-100,-85,-92,-96,-90,-84,-87,-87,-101,-82,-84,-93,-86,-92,-81,-89,-85,-83,-119,-87,-113,-90,-86,-83,-80,-90,-84,-88,-82,-88,-88,-84,-83,-90,-82,-83,-92,-84,-83,-93,-84,-91,-105,-89,-92,-85,-85,-91,-90,-88,-94,-90,-94,-88,-82,-89,-92,-90,-102,-89,-85,-110,-86,-84,-83,-88,-87,-90,-91,-82,-85,-93,-83,-82,-88,-85,-90,-87,-83,-95,-85,-87,-83,-93,-96,-86,-91,-82,-91,-90,-92,-85,-81,-87,-94,-94,-81,-84,-84,-90,-85,-92,-92,-91,-89,-93,-88,-90,-85,-88,-87,-82,-85,-83,-91,-96,-102,-84,-93,-96
19,-87,-89,-83,-90,-85,-90,-86,-85,-99,-96,-88,-92,-92,-96,-92,-92,-93,-90,-93,-91,-97,-86,-88,-84,-96,-84,-86,-89,-92,-84,-87,-92,-93,-91,-87,-89,-83,-89,-96,-91,-85,-96,-88,-87,-90,-88,-108,-90,-83,-91,-100,-86,-91,-85,-95,-91,-87,-108,-87,-94,-88,-90,-88,-89,-93,-90,-89,-88,-91,-84,-99,-90,-89,-88,-105,-89,-88,-88,-88,-88,-100,-90,-92,-101,-95,-84,-92,-87,-106,-82,-89,-98,-86,-97,-86,-89,-90,-88,-119,-87,-113,-90,-91,-88,-85,-90,-84,-93,-87,-88,-93,-89,-88,-95,-87,-88,-92,-89,-88,-93,-89,-91,-105,-94,-97,-85,-90,-96,-90,-88,-99,-90,-94,-88,-82,-89,-92,-95,-107,-89,-90,-115,-86,-89,-88,-88,-92,-90,-91,-87,-85,-93,-88,-87,-93,-90,-90,-87,-88,-100,-90,-87,-83,-93,-101,-91,-96,-87,-91,-95,-97,-90,-86,-87,-99,-94,-86,-89,-89,-95,-85,-92,-92,-91,-89,-93,-93,-95,-85,-88,-92,-87,-85,-88,-96,-101,-107,-89,-93,-101
20,-92,-89,-88,-90,-90,-95,-91,-90,-99,-96,-93,-92,-97,-91,-97,-92,-93,-95,-93,-91,-97,-91,-93,-89,-96,-89,-91,-94,-92,-89,-87,-97,-93,-91,-92,-94,-88,-94,-96,-91,-90,-96,-93,-92,-90,-93,-108,-95,-88,-96,-100,-91,-96,-90,-100,-96,-92,-113,-87,-94,-93,-90,-88,-89,-98,-95,-89,-88,-96,-89,-99,-90,-94,-93,-110,-89,-93,-93,-88,-93,-100,-90,-97,-101,-100,-89,-92,-92,-111,-87,-89,-98,-91,-102,-86,-94,-95,-88,-124,-92,-113,-90,-91,-93,-85,-90,-89,-98,-92,-93,-93,-89,-93,-100,-87,-88,-97,-89,-93,-93,-94,-91,-105,-99,-97,-90,-95,-96,-90,-88,-104,-95,-99,-93,-87,-94,-92,-95,-112,-94,-90,-115,-86,-89,-93,-93,-92,-95,-96,-87,-90,-98,-93,-92,-93,-95,-95,-92,-88,-100,-90,-92,-88,-98,-101,-96,-101,-92,-96,-100,-97,-90,-86,-87,-99,-99,-91,-89,-89,-95,-90,-97,-97,-96,-94,-98,-93,-95,-90,-93,-92,-87,-90,-88,-96,-106,-107,-89,-98,-101
21,-92,-94,-88,-95,-95,-95,-91,-90,-104,-96,-98,-97,-102,-96,-102,-97,-98,-95,-98,-96,-97,-96,-93,-94,-101,-89,-96,-94,-97,-94,-92,-102,-98,-96,-92,-99,-93,-94,-101,-96,-90,-101,-93,-92,-95,-98,-108,-95,-93,-96,-105,-91,-96,-90,-100,-96,-92,-118,-92,-94,-93,-95,-93,-94,-98,-95,-89,-93,-96,-89,-104,-90,-99,-93,-110,-94,-98,-93,-93,-93,-100,-95,-97,-106,-100,-94,-97,-92,-111,-87,-94,-103,-91,-107,-91,-99,-95,-93,-124,-92,-118,-95,-96,-93,-90,-95,-94,-103,-92,-98,-98,-94,-98,-100,-92,-93,-97,-94,-98,-98,-94,-96,-110,-104,-97,-90,-95,-96,-95,-93,-109,-95,-99,-98,-92,-94,-97,-100,-117,-94,-95,-120,-91,-94,-93,-98,-97,-95,-101,-92,-95,-98,-93,-92,-98,-95,-100,-92,-93,-105,-95,-97,-88,-98,-101,-101,-101,-92,-101,-105,-102,-95,-91,-92,-104,-99,-91,-94,-94,-100,-95,-97,-97,-96,-94,-98,-93,-100,-90,-93,-92,-92,-90,-93,-96,-111,-107,-94,-98,-101
22,-97,-94,-93,-95,-100,-100,-91,-95,-109,-101,-98,-102,-102,-101,-102,-97,-103,-100,-103,-96,-102,-101,-98,-94,-101,-94,-96,-99,-97,-94,-97,-102,-103,-101,-97,-99,-93,-99,-106,-96,-95,-106,-98,-97,-100,-98,-108,-100,-93,-101,-105,-96,-101,-95,-105,-101,-92,-123,-97,-99,-98,-95,-93,-94,-103,-100,-94,-93,-101,-94,-104,-95,-99,-93,-115,-94,-98,-98,-98,-98,-105,-95,-102,-106,-100,-94,-97,-97,-111,-92,-94,-103,-96,-112,-96,-99,-100,-98,-124,-97,-118,-95,-101,-98,-90,-95,-94,-108,-97,-98,-98,-94,-98,-105,-97,-93,-97,-94,-103,-98,-99,-96,-110,-104,-97,-90,-100,-101,-100,-93,-114,-100,-99,-98,-92,-99,-97,-100,-117,-99,-95,-120,-96,-99,-98,-98,-97,-100,-101,-97,-100,-103,-98,-92,-98,-100,-105,-97,-93,-105,-95,-97,-93,-98,-106,-106,-106,-92,-101,-105,-107,-95,-91,-97,-109,-99,-91,-94,-99,-105,-95,-102,-102,-101,-99,-103,-98,-100,-95,-98,-97,-92,-95,-93,-101,-111,-112,-99,-98,-106
23,-97,-99,-93,-100,-100,-105,-96,-95,-114,-101,-103,-102,-102,-101,-107,-102,-103,-100,-103,-101,-102,-101,-98,-99,-101,-99,-96,-104,-102,-99,-97,-107,-108,-101,-102,-99,-93,-99,-106,-101,-95,-106,-98,-97,-100,-103,-113,-100,-98,-101,-105,-96,-101,-95,-110,-101,-97,-128,-97,-99,-103,-100,-98,-99,-108,-100,-99,-98,-101,-94,-104,-100,-104,-98,-115,-99,-98,-103,-98,-103,-105,-100,-102,-106,-105,-99,-102,-102,-116,-97,-99,-108,-101,-117,-96,-104,-105,-98,-124,-97,-118,-100,-101,-103,-95,-100,-99,-108,-102,-98,-103,-94,-103,-105,-97,-98,-102,-99,-108,-103,-99,-101,-110,-104,-102,-95,-105,-101,-100,-98,-119,-100,-104,-103,-92,-99,-102,-100,-117,-104,-100,-120,-101,-99,-103,-98,-102,-100,-106,-97,-105,-103,-98,-97,-103,-105,-110,-97,-98,-105,-100,-102,-98,-103,-106,-111,-106,-97,-101,-110,-107,-100,-96,-102,-109,-104,-96,-99,-99,-105,-100,-102,-102,-101,-104,-103,-103,-105,-95,-103,-102,-97,-95,-98,-101,-111,-112,-99,-103,-111
24,-102,-104,-98,-100,-105,-110,-96,-100,-114,-106,-103,-107,-107,-106,-107,-102,-108,-100,-103,-101,-102,-106,-103,-99,-101,-99,-101,-104,-102,-104,-102,-107,-108,-106,-102,-104,-98,-99,-111,-101,-100,-111,-103,-102,-100,-108,-113,-105,-103,-106,-105,-96,-101,-100,-115,-106,-102,-133,-102,-104,-103,-100,-103,-99,-113,-105,-104,-103,-101,-99,-109,-100,-109,-98,-115,-99,-103,-103,-103,-108,-105,-105,-107,-111,-110,-99,-107,-102,-116,-97,-104,-108,-101,-117,-101,-104,-105,-103,-124,-102,-123,-100,-106,-108,-95,-100,-99,-108,-102,-103,-103,-99,-103,-110,-102,-98,-107,-104,-108,-103,-104,-101,-115,-109,-102,-95,-105,-106,-100,-98,-124,-105,-109,-103,-97,-104,-102,-105,-122,-104,-105,-120,-101,-99,-103,-98,-102,-100,-106,-97,-105,-108,-103,-102,-103,-105,-110,-102,-103,-105,-105,-107,-103,-103,-106,-111,-111,-102,-101,-115,-112,-100,-101,-102,-109,-109,-101,-99,-104,-110,-100,-102,-107,-106,-104,-103,-103,-105,-100,-103,-102,-102,-100,-103,-101,-116,-112,-104,-108,-111
25,-102,-104,-103,-105,-110,-110,-101,-100,-119,-106,-108,-112,-107,-106,-112,-107,-108,-105,-108,-106,-107,-106,-103,-99,-106,-104,-106,-109,-102,-104,-102,-107,-113,-106,-107,-104,-103,-104,-111,-106,-105,-111,-108,-102,-105,-113,-113,-110,-108,-106,-110,-101,-106,-105,-115,-111,-107,-138,-102,-104,-103,-105,-103,-99,-118,-105,-104,-103,-106,-99,-114,-105,-109,-103,-115,-104,-108,-108,-108,-108,-110,-105,-112,-111,-110,-104,-112,-107,-116,-102,-109,-108,-106,-117,-101,-109,-110,-103,-124,-107,-123,-105,-106,-108,-100,-100,-104,-113,-102,-108,-108,-99,-108,-110,-102,-103,-107,-104,-113,-108,-109,-101,-115,-109,-107,-100,-110,-106,-105,-103,-129,-105,-109,-108,-102,-104,-107,-105,-122,-104,-105,-120,-106,-104,-103,-103,-102,-105,-111,-102,-110,-108,-103,-102,-108,-110,-115,-107,-103,-110,-105,-107,-103,-108,-111,-116,-111,-102,-106,-120,-117,-100,-101,-107,-114,-109,-101,-104,-104,-115,-100,-107,-107,-106,-109,-108,-108,-110,-100,-108,-107,-102,-100,-103,-106,-116,-117,-109,-108,-111
26,-107,-109,-108,-105,-110,-110,-101,-105,-124,-106,-108,-112,-112,-106,-112,-107,-113,-105,-108,-106,-112,-111,-103,-104,-106,-104,-106,-109,-107,-109,-107,-112,-113,-111,-112,-109,-108,-109,-116,-106,-105,-116,-108,-107,-105,-113,-118,-115,-108,-111,-110,-101,-106,-105,-120,-111,-107,-143,-107,-109,-108,-105,-108,-104,-123,-105,-109,-103,-106,-104,-114,-105,-114,-103,-120,-104,-108,-108,-108,-113,-110,-110,-112,-116,-115,-104,-112,-107,-121,-107,-109,-113,-111,-117,-106,-109,-110,-108,-129,-107,-123,-105,-111,-108,-105,-105,-104,-113,-107,-108,-108,-104,-108,-110,-107,-103,-112,-109,-113,-108,-109,-106,-115,-114,-107,-105,-110,-106,-105,-108,-134,-110,-114,-113,-102,-109,-107,-110,-122,-109,-110,-120,-111,-109,-108,-108,-107,-110,-116,-102,-115,-113,-108,-107,-108,-110,-115,-107,-108,-110,-110,-112,-108,-108,-111,-121,-116,-107,-111,-125,-122,-105,-106,-112,-114,-109,-106,-104,-109,-115,-105,-112,-112,-111,-109,-113,-108,-110,-105,-108,-107,-107,-105,-108,-106,-116,-117,-109,-108,-116
27,-107,-114,-108,-110,-115,-115,-106,-105,-129,-111,-108,-117,-112,-111,-117,-107,-118,-110,-113,-111,-112,-111,-108,-109,-106,-109,-111,-114,-107,-114,-107,-117,-113,-111,-117,-109,-108,-109,-116,-111,-110,-121,-108,-112,-110,-113,-118,-115,-113,-111,-115,-106,-111,-110,-120,-111,-112,-143,-107,-109,-113,-110,-113,-109,-123,-110,-109,-108,-111,-109,-114,-110,-114,-108,-120,-109,-113,-108,-113,-118,-115,-115,-117,-116,-115,-109,-117,-112,-121,-107,-114,-113,-111,-122,-106,-114,-115,-113,-129,-112,-128,-110,-111,-113,-105,-105,-109,-113,-112,-113,-113,-104,-113,-115,-112,-108,-112,-109,-113,-113,-109,-106,-120,-114,-107,-105,-115,-111,-110,-113,-134,-110,-114,-113,-107,-109,-112,-110,-127,-114,-115,-125,-111,-109,-108,-108,-112,-110,-116,-102,-115,-113,-108,-107,-108,-115,-115,-112,-108,-115,-115,-112,-108,-108,-111,-121,-116,-112,-111,-130,-122,-110,-106,-112,-114,-114,-111,-109,-109,-115,-105,-112,-112,-111,-114,-113,-113,-115,-105,-108,-112,-107,-105,-108,-111,-116,-117,-114,-113,-116
28,-112,-114,-108,-115,-120,-115,-106,-110,-134,-111,-113,-117,-112,-111,-117,-112,-118,-110,-113,-111,-112,-116,-113,-109,-111,-109,-111,-119,-112,-119,-112,-117,-118,-116,-117,-114,-113,-109,-116,-111,-110,-121,-113,-112,-110,-118,-118,-120,-113,-111,-115,-106,-111,-115,-125,-116,-112,-143,-112,-114,-113,-110,-118,-114,-128,-110,-114,-113,-111,-109,-119,-110,-119,-108,-125,-109,-113,-113,-118,-118,-115,-115,-122,-116,-115,-114,-117,-112,-121,-112,-114,-118,-116,-122,-111,-114,-115,-113,-134,-112,-128,-110,-116,-113,-110,-110,-114,-118,-112,-118,-113,-109,-113,-115,-112,-113,-112,-114,-118,-118,-114,-106,-120,-119,-112,-110,-115,-111,-110,-113,-139,-115,-114,-113,-107,-114,-112,-110,-127,-114,-115,-125,-116,-114,-113,-113,-112,-115,-121,-107,-120,-118,-113,-112,-113,-115,-120,-112,-113,-115,-115,-117,-113,-113,-116,-126,-121,-112,-111,-135,-122,-110,-111,-112,-114,-114,-111,-109,-114,-120,-110,-112,-117,-111,-119,-113,-113,-115,-110,-113,-112,-112,-110,-113,-111,-121,-122,-114,-113,-116
29,-112,-119,-113,-115,-120,-120,-111,-110,-139,-116,-113,-122,-117,-116,-117,-112,-123,-110,-118,-116,-112,-116,-113,-114,-116,-114,-116,-119,-112,-119,-112,-117,-118,-116,-122,-114,-113,-114,-116,-111,-115,-126,-113,-117,-115,-123,-123,-125,-118,-116,-115,-111,-116,-115,-130,-116,-117,-143,-112,-114,-118,-115,-118,-114,-128,-115,-114,-113,-116,-114,-119,-115,-119,-113,-125,-109,-118,-113,-123,-123,-115,-115,-122,-116,-120,-114,-117,-117,-126,-112,-119,-118,-116,-127,-111,-119,-120,-118,-134,-112,-128,-115,-116,-113,-110,-110,-114,-118,-117,-123,-118,-109,-118,-115,-117,-113,-117,-114,-118,-118,-114,-111,-120,-119,-112,-110,-120,-116,-115,-118,-144,-115,-114,-118,-112,-114,-112,-115,-127,-119,-120,-130,-116,-114,-113,-113,-117,-115,-121,-107,-125,-118,-113,-112,-113,-120,-120,-117,-118,-115,-120,-117,-118,-113,-116,-126,-126,-117,-116,-135,-127,-115,-111,-117,-119,-119,-111,-114,-114,-120,-110,-117,-117,-116,-119,-118,-118,-120,-110,-113,-112,-112,-110,-118,-116,-121,-122,-119,-118,-121
30,-117,-119,-118,-120,-125,-120,-111,-110,-144,-116,-118,-122,-117,-116,-122,-112,-123,-115,-123,-116,-117,-116,-113,-114,-116,-114,-121,-124,-117,-124,-117,-122,-123,-121,-127,-119,-118,-114,-121,-116,-115,-126,-113,-117,-115,-123,-123,-125,-118,-121,-120,-111,-116,-115,-135,-121,-117,-143,-117,-119,-118,-115,-123,-119,-128,-115,-119,-113,-116,-119,-124,-115,-124,-113,-125,-114,-123,-118,-123,-123,-120,-120,-122,-121,-120,-114,-122,-117,-126,-117,-119,-123,-121,-127,-116,-119,-125,-118,-134,-117,-133,-115,-121,-118,-115,-115,-114,-118,-122,-123,-118,-114,-118,-120,-117,-118,-122,-114,-123,-118,-119,-116,-125,-124,-112,-110,-120,-116,-115,-118,-144,-120,-119,-118,-117,-119,-117,-115,-132,-124,-120,-130,-121,-119,-113,-118,-117,-120,-121,-112,-125,-123,-118,-117,-118,-120,-120,-117,-123,-120,-120,-122,-118,-118,-116,-126,-126,-122,-116,-140,-127,-115,-116,-117,-119,-119,-116,-114,-119,-125,-115,-117,-122,-116,-124,-118,-118,-120,-115,-118,-112,-117,-115,-123,-116,-121,-127,-119,-118,-126
31,-122,-124,-123,-125,-125,-125,-116,-115,-144,-121,-118,-122,-122,-116,-122,-117,-123,-120,-123,-121,-117,-121,-118,-114,-121,-119,-121,-124,-122,-124,-117,-122,-123,-121,-127,-119,-118,-119,-126,-116,-120,-126,-118,-122,-120,-128,-123,-130,-118,-121,-120,-116,-116,-120,-140,-121,-122,-148,-117,-119,-123,-120,-128,-119,-128,-120,-124,-118,-121,-119,-124,-120,-124,-118,-130,-119,-123,-118,-128,-128,-120,-125,-127,-121,-125,-119,-122,-117,-126,-122,-119,-123,-121,-132,-116,-124,-130,-123,-134,-117,-133,-115,-121,-118,-115,-115,-119,-123,-127,-123,-118,-114,-123,-120,-122,-118,-122,-119,-123,-123,-119,-116,-125,-124,-117,-115,-125,-116,-120,-123,-144,-120,-119,-123,-117,-119,-117,-120,-132,-124,-125,-130,-121,-124,-113,-118,-122,-120,-126,-117,-130,-123,-118,-122,-118,-125,-125,-122,-123,-120,-125,-127,-123,-118,-121,-126,-131,-122,-121,-140,-127,-120,-121,-122,-124,-119,-121,-119,-119,-125,-120,-122,-122,-121,-124,-123,-123,-125,-120,-118,-117,-117,-115,-123,-121,-121,-127,-119,-118,-126
32,-122,-124,-123,-125,-125,-125,-122,-121,-150,-121,-124,-122,-122,-122,-128,-123,-129,-120,-123,-121,-117,-121,-118,-120,-121,-119,-127,-130,-122,-130,-123,-128,-129,-127,-133,-125,-124,-119,-126,-116,-120,-132,-118,-128,-120,-128,-129,-136,-124,-121,-120,-116,-122,-120,-140,-121,-122,-148,-117,-119,-123,-126,-128,-125,-134,-120,-130,-124,-121,-125,-124,-126,-130,-118,-130,-119,-129,-118,-134,-134,-120,-125,-127,-121,-125,-119,-122,-123,-132,-122,-125,-129,-127,-132,-122,-124,-130,-123,-134,-123,-133,-121,-127,-124,-121,-121,-125,-123,-127,-129,-124,-120,-123,-126,-122,-124,-122,-125,-129,-123,-125,-122,-125,-124,-117,-121,-125,-122,-120,-129,-150,-120,-125,-123,-123,-119,-123,-120,-132,-130,-131,-130,-127,-124,-119,-124,-122,-120,-126,-117,-136,-123,-118,-122,-124,-125,-125,-122,-129,-120,-125,-133,-123,-124,-121,-132,-137,-128,-121,-140,-133,-120,-121,-122,-124,-125,-127,-119,-125,-125,-120,-122,-128,-121,-124,-123,-123,-125,-120,-124,-117,-123,-121,-123,-121,-127,-127,-125,-124,-126
33,-129,-131,-123,-125,-132,-132,-122,-121,-157,-121,-124,-129,-129,-122,-128,-123,-129,-120,-130,-128,-124,-128,-125,-120,-121,-126,-127,-130,-129,-137,-123,-128,-129,-127,-133,-125,-124,-126,-126,-123,-127,-132,-125,-128,-120,-135,-129,-143,-131,-128,-127,-123,-122,-127,-140,-128,-122,-148,-124,-126,-130,-126,-128,-125,-134,-120,-130,-124,-121,-125,-131,-126,-130,-125,-130,-126,-129,-125,-134,-141,-127,-125,-134,-128,-132,-126,-129,-123,-132,-129,-125,-129,-127,-132,-122,-124,-137,-130,-141,-123,-140,-128,-127,-124,-121,-121,-125,-130,-134,-129,-124,-120,-123,-126,-129,-124,-129,-125,-129,-130,-125,-122,-125,-131,-124,-121,-132,-122,-127,-129,-150,-127,-125,-123,-130,-126,-123,-120,-139,-130,-131,-137,-127,-124,-119,-124,-122,-127,-126,-117,-136,-130,-125,-129,-124,-125,-125,-122,-129,-127,-132,-133,-123,-124,-128,-132,-144,-128,-128,-140,-133,-120,-128,-122,-124,-125,-127,-126,-132,-132,-127,-129,-128,-128,-131,-130,-130,-132,-127,-124,-124,-123,-121,-130,-121,-127,-134,-125,-124,-133
34,-129,-131,-131,-133,-132,-132,-130,-129,-165,-129,-132,-129,-129,-122,-128,-131,-129,-128,-130,-128,-124,-128,-125,-128,-129,-126,-135,-138,-129,-137,-131,-128,-129,-135,-133,-133,-132,-126,-134,-123,-127,-132,-125,-136,-128,-135,-137,-143,-131,-128,-127,-123,-130,-127,-148,-128,-130,-148,-124,-126,-130,-126,-136,-125,-134,-128,-138,-132,-129,-133,-131,-134,-130,-125,-138,-126,-137,-125,-142,-141,-127,-133,-134,-128,-132,-126,-129,-131,-140,-129,-133,-129,-127,-140,-130,-132,-137,-130,-141,-131,-140,-128,-135,-132,-129,-121,-133,-130,-134,-137,-132,-128,-131,-126,-129,-132,-129,-133,-129,-130,-133,-122,-133,-131,-124,-129,-132,-122,-127,-137,-150,-127,-133,-131,-130,-126,-131,-128,-139,-138,-139,-137,-127,-132,-119,-132,-130,-127,-126,-125,-136,-130,-125,-137,-124,-133,-133,-130,-137,-127,-140,-133,-131,-124,-128,-132,-144,-128,-128,-148,-133,-128,-128,-130,-132,-133,-135,-126,-132,-132,-127,-129,-128,-128,-131,-130,-130,-132,-127,-132,-124,-131,-121,-130,-129,-135,-134,-125,-132,-133
35,-129,-140,-131,-133,-141,-132,-130,-129,-174,-129,-132,-129,-138,-131,-128,-131,-138,-128,-139,-137,-124,-137,-134,-128,-129,-135,-135,-138,-138,-146,-131,-137,-138,-135,-142,-133,-141,-126,-134,-132,-136,-141,-134,-136,-128,-144,-137,-152,-131,-137,-127,-132,-130,-136,-148,-128,-130,-148,-133,-135,-139,-135,-136,-134,-134,-128,-138,-132,-129,-133,-140,-134,-139,-134,-138,-126,-137,-125,-142,-150,-127,-133,-143,-137,-132,-135,-129,-131,-140,-138,-133,-129,-136,-140,-130,-132,-146,-139,-141,-131,-140,-137,-135,-132,-129,-130,-133,-130,-143,-137,-132,-137,-131,-135,-129,-132,-138,-133,-138,-130,-133,-131,-133,-140,-124,-129,-132,-131,-136,-137,-150,-136,-133,-131,-130,-135,-131,-128,-139,-138,-139,-137,-127,-132,-128,-132,-130,-136,-135,-134,-145,-130,-134,-137,-133,-133,-133,-130,-137,-127,-140,-142,-131,-133,-128,-141,-144,-137,-128,-148,-142,-128,-128,-130,-132,-133,-135,-135,-132,-132,-136,-129,-137,-137,-131,-139,-139,-141,-136,-132,-124,-131,-130,-130,-129,-135,-134,-134,-132,-142
36,-139,-140,-131,-143,-141,-142,-130,-129,-174,-139,-132,-139,-138,-131,-138,-131,-138,-128,-139,-137,-134,-137,-134,-128,-129,-135,-145,-148,-138,-146,-131,-137,-138,-135,-142,-143,-141,-136,-134,-132,-136,-141,-134,-146,-138,-144,-137,-162,-141,-137,-137,-132,-140,-136,-148,-138,-130,-158,-133,-135,-139,-135,-136,-134,-144,-138,-148,-142,-129,-143,-140,-134,-139,-134,-138,-136,-137,-135,-142,-150,-137,-143,-143,-137,-142,-145,-139,-131,-140,-138,-133,-139,-136,-140,-140,-142,-146,-149,-141,-141,-140,-137,-135,-132,-139,-130,-133,-140,-153,-137,-132,-137,-141,-135,-139,-132,-138,-143,-138,-140,-143,-131,-143,-140,-134,-129,-142,-131,-136,-147,-150,-136,-143,-131,-140,-135,-141,-138,-149,-148,-149,-137,-137,-142,-128,-132,-130,-136,-135,-134,-145,-140,-134,-147,-133,-133,-133,-130,-137,-137,-150,-142,-131,-133,-138,-141,-154,-137,-138,-148,-142,-138,-138,-130,-142,-143,-145,-135,-142,-142,-136,-139,-137,-137,-141,-139,-139,-141,-136,-132,-134,-141,-130,-140,-139,-135,-134,-134,-142,-142
37,-139,-140,-142,-154,-141,-142,-141,-140,-174,-139,-143,-139,-149,-142,-138,-142,-138,-139,-139,-148,-134,-148,-145,-139,-140,-135,-145,-148,-149,-146,-142,-148,-138,-146,-142,-143,-141,-136,-145,-132,-147,-141,-145,-146,-138,-144,-148,-162,-141,-137,-137,-143,-140,-147,-159,-138,-141,-158,-144,-135,-150,-135,-147,-145,-144,-138,-159,-142,-140,-143,-140,-145,-150,-145,-149,-136,-148,-135,-153,-150,-137,-143,-154,-137,-142,-145,-139,-142,-140,-138,-144,-139,-147,-140,-140,-142,-157,-149,-152,-141,-151,-137,-146,-132,-139,-141,-144,-140,-153,-148,-143,-148,-141,-135,-139,-143,-138,-143,-138,-140,-143,-142,-143,-151,-134,-140,-142,-142,-147,-147,-161,-147,-143,-142,-140,-146,-141,-138,-149,-148,-149,-148,-137,-142,-139,-143,-141,-136,-146,-134,-145,-140,-145,-147,-144,-144,-133,-141,-148,-137,-150,-153,-142,-133,-138,-141,-154,-148,-138,-159,-142,-138,-138,-141,-142,-143,-145,-135,-142,-142,-136,-139,-148,-137,-141,-150,-150,-141,-147,-143,-134,-141,-141,-140,-139,-146,-145,-134,-142,-142
38,-139,-152,-142,-154,-153,-154,-153,-140,-174,-139,-143,-139,-149,-142,-138,-142,-150,-139,-151,-148,-146,-148,-145,-139,-140,-147,-157,-160,-149,-146,-142,-148,-150,-146,-142,-143,-141,-148,-145,-144,-147,-153,-145,-146,-150,-144,-148,-162,-153,-149,-137,-143,-152,-147,-159,-138,-141,-158,-144,-147,-150,-147,-147,-145,-144,-150,-159,-154,-140,-155,-140,-145,-150,-145,-149,-148,-148,-147,-153,-162,-149,-155,-154,-137,-154,-157,-139,-142,-152,-150,-144,-139,-147,-152,-152,-142,-157,-161,-152,-141,-151,-149,-146,-144,-139,-141,-144,-140,-153,-148,-143,-148,-153,-147,-151,-143,-150,-143,-150,-140,-155,-142,-143,-151,-134,-152,-154,-142,-147,-159,-161,-147,-143,-142,-140,-146,-153,-150,-149,-148,-161,-148,-137,-142,-139,-143,-141,-148,-146,-146,-157,-152,-145,-159,-144,-144,-145,-141,-148,-137,-162,-153,-142,-145,-138,-153,-154,-148,-150,-159,-154,-138,-138,-141,-142,-155,-145,-147,-154,-142,-148,-139,-148,-149,-141,-150,-150,-141,-147,-143,-146,-153,-141,-140,-139,-146,-145,-146,-154,-154
39,-152,-152,-142,-154,-153,-154,-153,-153,-174,-152,-156,-152,-162,-142,-151,-142,-150,-152,-151,-148,-146,-161,-158,-152,-153,-147,-157,-160,-149,-159,-142,-148,-150,-146,-155,-156,-154,-148,-145,-144,-160,-153,-145,-159,-150,-144,-148,-175,-153,-149,-150,-156,-152,-160,-159,-151,-141,-171,-157,-147,-150,-147,-147,-145,-157,-150,-159,-154,-153,-155,-153,-158,-163,-145,-162,-148,-148,-147,-153,-162,-149,-155,-154,-150,-154,-157,-152,-142,-152,-150,-144,-152,-160,-152,-152,-155,-170,-161,-152,-154,-151,-149,-146,-144,-152,-141,-157,-153,-166,-148,-156,-148,-153,-147,-151,-156,-150,-156,-150,-153,-155,-142,-143,-164,-147,-152,-154,-142,-147,-159,-161,-160,-156,-155,-153,-146,-153,-150,-149,-161,-161,-148,-150,-155,-139,-156,-141,-148,-146,-146,-157,-152,-145,-159,-157,-144,-145,-141,-148,-150,-162,-153,-142,-145,-151,-153,-167,-148,-150,-159,-154,-151,-151,-154,-155,-155,-158,-147,-154,-155,-148,-152,-148,-149,-154,-150,-163,-141,-160,-156,-146,-153,-141,-153,-152,-146,-145,-146,-154,-154
40,-152,-166,-142,-168,-153,-154,-153,-153,-174,-152,-156,-152,-162,-142,-151,-156,-164,-152,-151,-162,-160,-161,-158,-152,-153,-147,-157,-160,-149,-159,-142,-148,-150,-160,-155,-156,-168,-162,-159,-144,-160,-153,-159,-159,-150,-158,-148,-175,-167,-163,-150,-156,-152,-160,-159,-151,-155,-171,-157,-161,-164,-147,-161,-159,-157,-150,-173,-154,-153,-155,-153,-158,-163,-159,-162,-162,-162,-147,-153,-162,-149,-169,-154,-150,-168,-157,-152,-156,-152,-164,-158,-152,-160,-152,-166,-155,-170,-161,-166,-154,-151,-163,-160,-158,-152,-155,-157,-153,-166,-162,-156,-162,-153,-147,-151,-156,-150,-156,-150,-153,-155,-156,-143,-164,-147,-152,-154,-156,-161,-159,-161,-160,-156,-155,-153,-160,-153,-150,-149,-161,-161,-162,-150,-155,-153,-156,-155,-148,-146,-146,-157,-152,-159,-173,-157,-158,-159,-155,-148,-150,-176,-167,-156,-159,-151,-153,-167,-162,-150,-159,-154,-151,-151,-154,-155,-169,-158,-147,-154,-155,-148,-152,-162,-163,-154,-164,-163,-155,-160,-156,-160,-167,-155,-153,-152,-160,-159,-146,-154,-154
41,-152,-166,-157,-168,-168,-169,-168,-153,-189,-167,-156,-152,-162,-157,-151,-156,-164,-167,-166,-162,-160,-176,-173,-167,-153,-162,-172,-175,-164,-159,-157,-163,-165,-160,-155,-156,-168,-162,-159,-159,-160,-153,-159,-159,-165,-158,-163,-175,-167,-163,-165,-156,-167,-160,-159,-166,-155,-171,-157,-161,-164,-162,-161,-159,-157,-165,-173,-169,-153,-170,-153,-158,-163,-159,-162,-162,-162,-162,-168,-162,-149,-169,-169,-150,-168,-157,-152,-156,-167,-164,-158,-152,-160,-167,-166,-155,-170,-176,-166,-169,-166,-163,-160,-158,-167,-155,-157,-153,-166,-162,-156,-162,-168,-162,-151,-171,-165,-156,-165,-153,-170,-156,-158,-164,-147,-152,-169,-156,-161,-159,-176,-160,-171,-155,-168,-160,-168,-150,-164,-161,-176,-162,-150,-155,-153,-171,-155,-148,-161,-161,-157,-152,-159,-173,-157,-158,-159,-155,-163,-150,-176,-167,-156,-159,-151,-153,-167,-162,-165,-174,-154,-151,-151,-154,-155,-169,-158,-162,-154,-170,-163,-152,-162,-163,-154,-164,-163,-155,-175,-156,-160,-167,-155,-153,-152,-160,-159,-161,-154,-169
42,-168,-182,-157,-168,-168,-169,-168,-169,-189,-167,-172,-152,-178,-157,-151,-172,-164,-167,-166,-162,-160,-176,-173,-167,-153,-162,-172,-175,-164,-159,-157,-163,-165,-160,-171,-172,-168,-162,-159,-159,-160,-169,-159,-175,-165,-158,-163,-175,-167,-163,-165,-172,-167,-176,-175,-166,-155,-171,-173,-161,-164,-162,-177,-159,-157,-165,-173,-169,-153,-170,-153,-174,-179,-159,-162,-162,-162,-162,-168,-178,-165,-185,-169,-166,-168,-173,-152,-156,-167,-164,-158,-152,-160,-167,-182,-171,-170,-176,-166,-169,-166,-163,-160,-158,-167,-155,-173,-169,-166,-162,-156,-162,-168,-162,-167,-171,-165,-156,-165,-169,-170,-156,-158,-180,-163,-168,-169,-156,-177,-175,-176,-176,-171,-171,-168,-176,-168,-166,-164,-161,-176,-162,-166,-171,-153,-171,-155,-164,-161,-161,-173,-168,-159,-189,-173,-158,-159,-155,-163,-166,-176,-167,-156,-159,-167,-169,-167,-162,-165,-174,-170,-167,-167,-170,-155,-169,-174,-162,-170,-170,-163,-168,-162,-163,-170,-180,-179,-155,-175,-172,-160,-183,-171,-153,-168,-160,-159,-161,-154,-169
43,-168,-182,-157,-185,-168,-169,-168,-169,-189,-167,-172,-169,-178,-157,-168,-172,-181,-167,-166,-179,-177,-176,-173,-167,-170,-162,-172,-175,-164,-176,-157,-163,-165,-177,-171,-172,-185,-162,-176,-159,-177,-169,-176,-175,-165,-158,-163,-175,-167,-163,-165,-172,-167,-176,-175,-166,-172,-171,-173,-161,-181,-162,-177,-176,-174,-165,-173,-169,-170,-170,-170,-174,-179,-176,-179,-179,-179,-162,-168,-178,-165,-185,-169,-166,-185,-173,-169,-173,-167,-181,-175,-169,-177,-167,-182,-171,-170,-176,-166,-169,-166,-180,-160,-175,-167,-172,-173,-169,-166,-179,-173,-179,-168,-162,-167,-171,-165,-173,-165,-169,-170,-173,-158,-180,-163,-168,-169,-156,-177,-175,-176,-176,-171,-171,-168,-176,-168,-166,-164,-178,-176,-162,-166,-171,-170,-171,-172,-164,-161,-161,-173,-168,-176,-189,-173,-175,-159,-172,-163,-166,-176,-184,-173,-176,-167,-169,-167,-179,-182,-174,-170,-167,-167,-170,-172,-186,-174,-162,-170,-170,-163,-168,-179,-180,-170,-180,-179,-155,-175,-172,-177,-183,-171,-170,-168,-160,-159,-161,-171,-169
44,-168,-182,-175,-185,-186,-187,-186,-169,-189,-167,-172,-169,-178,-175,-168,-172,-181,-167,-184,-179,-177,-194,-191,-185,-170,-180,-172,-175,-182,-176,-175,-181,-165,-177,-171,-172,-185,-180,-176,-177,-177,-169,-176,-175,-165,-176,-163,-193,-167,-181,-183,-172,-185,-176,-175,-184,-172,-171,-191,-179,-181,-162,-177,-176,-174,-165,-173,-169,-170,-188,-170,-174,-179,-176,-179,-179,-179,-180,-168,-178,-183,-203,-169,-166,-185,-173,-169,-173,-185,-181,-175,-169,-177,-185,-182,-171,-188,-176,-184,-187,-166,-180,-178,-175,-185,-172,-173,-169,-184,-179,-173,-179,-168,-162,-167,-171,-183,-173,-183,-169,-170,-173,-176,-180,-163,-168,-169,-174,-195,-175,-194,-176,-189,-171,-168,-176,-186,-166,-182,-178,-176,-180,-166,-171,-170,-171,-172,-164,-179,-161,-173,-168,-176,-189,-173,-175,-177,-172,-181,-166,-176,-184,-173,-176,-167,-169,-185,-179,-182,-174,-170,-167,-167,-170,-172,-186,-174,-180,-170,-170,-163,-168,-179,-180,-170,-180,-179,-173,-193,-172,-177,-201,-171,-170,-168,-178,-177,-161,-171,-169
45,-187,-201,-175,-185,-186,-187,-186,-188,-189,-186,-191,-169,-197,-175,-168,-191,-181,-186,-184,-179,-177,-194,-191,-185,-170,-180,-172,-175,-182,-176,-175,-181,-184,-177,-171,-172,-185,-180,-176,-177,-177,-169,-176,-175,-184,-176,-163,-193,-186,-181,-183,-191,-185,-176,-175,-184,-172,-190,-191,-179,-181,-162,-177,-176,-174,-184,-192,-188,-170,-188,-170,-174,-179,-176,-179,-179,-179,-180,-168,-178,-183,-203,-188,-166,-185,-173,-169,-173,-185,-181,-175,-169,-177,-185,-201,-190,-188,-195,-184,-187,-185,-180,-178,-175,-185,-172,-192,-169,-184,-179,-173,-179,-168,-181,-186,-190,-183,-173,-183,-188,-170,-173,-176,-180,-163,-187,-169,-174,-195,-175,-194,-176,-189,-171,-187,-176,-186,-185,-182,-178,-176,-180,-185,-171,-170,-190,-172,-183,-179,-180,-173,-187,-176,-208,-192,-175,-177,-172,-181,-185,-176,-184,-173,-176,-186,-169,-185,-179,-182,-193,-170,-186,-167,-189,-172,-205,-174,-180,-170,-170,-182,-168,-179,-180,-170,-180,-198,-173,-193,-191,-177,-201,-171,-170,-168,-178,-177,-180,-171,-188
46,-187,-201,-175,-185,-186,-187,-186,-188,-189,-186,-191,-189,-197,-175,-168,-191,-181,-186,-184,-179,-197,-214,-191,-185,-190,-180,-192,-195,-182,-176,-175,-181,-184,-177,-191,-192,-185,-180,-176,-177,-177,-189,-176,-175,-184,-176,-183,-193,-186,-181,-183,-191,-185,-196,-175,-184,-192,-190,-191,-179,-181,-182,-197,-176,-174,-184,-192,-188,-170,-188,-170,-194,-199,-196,-179,-179,-179,-180,-188,-178,-183,-203,-188,-186,-185,-173,-169,-193,-185,-181,-195,-169,-177,-185,-201,-190,-188,-195,-184,-187,-185,-200,-178,-195,-185,-172,-192,-189,-184,-199,-173,-179,-188,-181,-186,-190,-183,-173,-183,-188,-190,-193,-176,-180,-183,-187,-169,-174,-195,-195,-194,-196,-189,-191,-187,-196,-186,-185,-182,-178,-176,-180,-185,-191,-170,-190,-172,-183,-179,-180,-173,-187,-176,-208,-192,-175,-177,-172,-181,-185,-176,-204,-173,-196,-186,-169,-185,-179,-182,-193,-170,-186,-187,-189,-192,-205,-194,-180,-190,-190,-182,-188,-199,-180,-190,-180,-198,-173,-193,-191,-197,-201,-171,-170,-188,-178,-177,-180,-171,-188
47,-187,-201,-175,-185,-186,-187,-186,-188,-189,-186,-191,-189,-197,-175,-189,-191,-202,-186,-184,-200,-197,-214,-191,-185,-190,-180,-192,-195,-182,-197,-175,-181,-184,-177,-191,-192,-206,-180,-176,-177,-198,-189,-197,-196,-184,-176,-183,-193,-186,-181,-183,-191,-185,-196,-196,-184,-192,-190,-191,-179,-202,-182,-197,-197,-174,-184,-192,-188,-191,-188,-191,-194,-199,-196,-179,-179,-200,-180,-188,-178,-183,-224,-188,-186,-185,-194,-190,-193,-185,-181,-195,-190,-198,-185,-201,-190,-188,-195,-184,-187,-185,-200,-199,-195,-185,-193,-192,-189,-184,-199,-194,-200,-188,-181,-186,-190,-183,-194,-183,-188,-190,-193,-176,-201,-183,-187,-190,-174,-216,-195,-194,-196,-189,-191,-187,-196,-186,-185,-182,-199,-197,-180,-185,-191,-191,-190,-193,-183,-179,-180,-194,-187,-176,-208,-192,-175,-177,-172,-181,-185,-197,-204,-173,-196,-186,-190,-185,-200,-182,-193,-191,-186,-187,-189,-192,-205,-194,-201,-190,-190,-182,-188,-199,-201,-190,-201,-198,-194,-193,-191,-197,-201,-192,-191,-188,-178,-177,-180,-192,-188
48,-187,-201,-197,-207,-208,-187,-186,-188,-211,-186,-213,-189,-197,-197,-189,-191,-202,-208,-206,-200,-197,-214,-191,-185,-190,-202,-192,-195,-182,-197,-197,-203,-184,-177,-191,-192,-206,-202,-198,-199,-198,-189,-197,-196,-184,-198,-183,-193,-186,-203,-183,-191,-185,-196,-196,-184,-192,-190,-213,-201,-202,-182,-197,-197,-174,-184,-192,-188,-191,-188,-191,-194,-199,-196,-179,-201,-200,-180,-188,-200,-205,-224,-188,-186,-185,-194,-190,-193,-207,-203,-195,-190,-198,-185,-223,-190,-188,-195,-184,-209,-185,-200,-199,-195,-185,-193,-192,-189,-184,-199,-194,-200,-188,-181,-186,-190,-183,-194,-205,-188,-190,-193,-176,-201,-183,-187,-190,-196,-216,-195,-194,-196,-189,-191,-187,-196,-186,-185,-204,-199,-197,-180,-185,-191,-191,-190,-193,-183,-201,-180,-194,-187,-198,-208,-192,-197,-177,-194,-181,-185,-197,-204,-195,-196,-186,-190,-185,-200,-182,-193,-191,-186,-187,-189,-192,-205,-194,-201,-190,-190,-182,-188,-199,-201,-190,-201,-220,-194,-193,-213,-197,-223,-192,-191,-188,-178,-177,-180,-192,-188
49,-210,-201,-197,-207,-208,-187,-186,-188,-211,-209,-213,-189,-197,-197,-189,-191,-202,-208,-206,-200,-197,-214,-191,-185,-190,-202,-192,-195,-182,-197,-197,-203,-184,-200,-191,-192,-206,-202,-198,-199,-198,-189,-197,-196,-184,-198,-183,-193,-186,-203,-183,-191,-208,-196,-196,-207,-192,-190,-213,-201,-202,-182,-197,-197,-197,-184,-192,-188,-191,-188,-191,-217,-199,-196,-202,-201,-200,-203,-188,-200,-205,-224,-188,-186,-208,-194,-190,-193,-207,-203,-195,-190,-198,-185,-223,-190,-211,-195,-207,-209,-185,-200,-199,-195,-208,-193,-192,-189,-184,-199,-194,-200,-188,-181,-186,-213,-206,-194,-205,-188,-190,-193,-199,-201,-206,-187,-190,-196,-216,-195,-194,-196,-212,-191,-210,-196,-186,-208,-204,-199,-197,-180,-208,-191,-191,-190,-193,-183,-201,-203,-194,-210,-198,-208,-215,-197,-200,-194,-204,-208,-197,-204,-195,-196,-186,-190,-208,-200,-205,-193,-191,-186,-187,-189,-192,-205,-194,-201,-213,-213,-205,-188,-199,-201,-190,-201,-220,-194,-193,-213,-197,-223,-192,-191,-188,-201,-200,-180,-192,-188
50,-210,-201,-197,-207,-208,-211,-210,-188,-211,-209,-213,-189,-197,-197,-189,-191,-202,-208,-206,-200,-197,-214,-191,-185,-214,-202,-192,-195,-206,-197,-197,-203,-208,-200,-215,-192,-206,-202,-198,-199,-198,-213,-197,-196,-208,-198,-207,-217,-210,-203,-207,-191,-208,-196,-196,-207,-216,-190,-213,-201,-202,-182,-197,-197,-197,-208,-192,-188,-191,-188,-191,-217,-199,-196,-202,-201,-200,-203,-188,-200,-205,-248,-212,-210,-208,-194,-190,-193,-207,-203,-219,-190,-198,-209,-223,-190,-211,-195,-207,-209,-209,-224,-199,-195,-208,-193,-216,-189,-208,-199,-194,-200,-188,-205,-210,-213,-206,-194,-205,-188,-190,-193,-199,-201,-206,-211,-190,-196,-216,-195,-194,-196,-212,-191,-210,-196,-210,-208,-204,-199,-197,-180,-208,-191,-191,-190,-193,-183,-201,-203,-194,-210,-198,-208,-215,-197,-200,-194,-204,-208,-197,-204,-195,-196,-210,-190,-208,-200,-205,-193,-191,-186,-211,-213,-192,-205,-194,-201,-213,-213,-205,-212,-199,-201,-190,-201,-220,-194,-217,-213,-197,-223,-192,-191,-188,-201,-200,-204,-192,-212
51,-210,-201,-197,-207,-208,-211,-210,-213,-211,-209,-213,-189,-197,-197,-189,-216,-202,-208,-206,-200,-197,-239,-191,-210,-214,-202,-192,-220,-206,-197,-197,-203,-208,-200,-215,-192,-231,-202,-198,-199,-198,-213,-197,-196,-208,-198,-207,-217,-210,-203,-207,-216,-208,-221,-196,-207,-216,-215,-213,-201,-202,-207,-197,-197,-197,-208,-217,-213,-191,-213,-191,-217,-199,-221,-202,-201,-225,-203,-188,-200,-205,-248,-212,-210,-208,-194,-190,-218,-207,-203,-219,-190,-198,-209,-223,-215,-211,-195,-207,-209,-209,-224,-224,-195,-208,-193,-216,-214,-208,-199,-194,-200,-213,-205,-210,-213,-206,-194,-205,-213,-190,-193,-199,-201,-206,-211,-190,-196,-241,-195,-194,-196,-212,-191,-210,-196,-210,-208,-204,-199,-197,-205,-208,-216,-216,-190,-218,-208,-201,-203,-194,-210,-198,-208,-215,-197,-200,-194,-204,-208,-197,-204,-195,-221,-210,-190,-208,-200,-205,-218,-191,-211,-211,-213,-192,-205,-219,-201,-213,-213,-205,-212,-199,-201,-190,-201,-220,-194,-217,-213,-197,-223,-192,-191,-188,-201,-200,-204,-192,-212
52,-210,-201,-197,-207,-208,-211,-210,-213,-211,-209,-213,-215,-223,-197,-215,-216,-228,-234,-206,-200,-197,-213,-217,-210,-214,-202,-192,-220,-206,-197,-197,-203,-208,-200,-215,-218,-231,-202,-198,-225,-224,-213,-197,-196,-208,-198,-207,-217,-210,-203,-207,-216,-208,-221,-196,-207,-216,-215,-213,-201,-202,-207,-223,-223,-197,-208,-217,-213,-217,-213,-191,-217,-199,-221,-202,-201,-225,-203,-188,-200,-205,-274,-212,-210,-208,-194,-190,-218,-207,-203,-219,-190,-224,-209,-223,-215,-211,-195,-207,-209,-209,-224,-224,-221,-208,-193,-216,-214,-208,-225,-194,-200,-213,-205,-210,-239,-206,-220,-205,-213,-190,-193,-199,-201,-206,-211,-190,-222,-241,-221,-220,-196,-212,-191,-210,-196,-210,-208,-204,-199,-197,-205,-208,-216,-216,-190,-218,-208,-201,-203,-220,-210,-198,-234,-215,-197,-200,-194,-204,-208,-223,-204,-195,-221,-210,-216,-208,-200,-205,-218,-217,-211,-211,-213,-218,-205,-219,-201,-213,-213,-205,-212,-225,-201,-216,-201,-220,-194,-217,-213,-223,-223,-218,-191,-188,-201,-200,-204,-192,-212
53,-210,-201,-197,-207,-208,-211,-210,-213,-211,-236,-213,-215,-223,-197,-215,-216,-228,-234,-206,-200,-224,-240,-217,-210,-214,-202,-192,-220,-206,-197,-197,-203,-208,-200,-215,-218,-231,-229,-198,-225,-224,-213,-197,-196,-208,-198,-207,-217,-210,-203,-207,-216,-208,-221,-196,-207,-216,-215,-213,-201,-202,-207,-223,-223,-197,-208,-217,-213,-217,-213,-218,-217,-226,-221,-202,-201,-225,-203,-188,-200,-205,-274,-212,-210,-208,-194,-217,-218,-234,-203,-219,-190,-224,-209,-223,-215,-211,-222,-207,-236,-209,-224,-224,-221,-208,-220,-216,-214,-208,-225,-221,-200,-213,-205,-210,-239,-206,-220,-205,-213,-217,-193,-199,-201,-206,-211,-217,-222,-241,-221,-220,-223,-212,-191,-210,-196,-210,-208,-204,-226,-197,-205,-208,-216,-216,-217,-218,-208,-201,-203,-220,-210,-198,-234,-215,-197,-200,-221,-204,-208,-223,-231,-222,-221,-210,-216,-208,-227,-205,-218,-217,-211,-211,-213,-218,-205,-219,-228,-240,-213,-205,-212,-225,-201,-216,-228,-247,-194,-217,-213,-223,-223,-218,-218,-188,-228,-200,-204,-192,-212
54,-210,-201,-225,-207,-208,-211,-210,-213,-211,-236,-241,-215,-223,-197,-215,-216,-228,-234,-234,-228,-196,-240,-217,-210,-214,-230,-220,-220,-206,-197,-225,-203,-208,-200,-215,-218,-231,-229,-226,-225,-224,-213,-225,-224,-208,-198,-207,-217,-210,-203,-207,-216,-208,-221,-196,-207,-216,-215,-213,-201,-202,-207,-223,-223,-197,-208,-217,-213,-217,-213,-218,-217,-226,-221,-202,-201,-225,-203,-216,-200,-205,-274,-212,-210,-208,-194,-217,-218,-234,-203,-219,-190,-224,-209,-223,-215,-211,-222,-207,-236,-209,-224,-224,-221,-236,-220,-216,-214,-208,-225,-221,-200,-213,-205,-210,-239,-206,-220,-233,-213,-217,-221,-199,-201,-206,-211,-217,-222,-241,-221,-220,-223,-212,-219,-210,-196,-210,-208,-204,-226,-225,-205,-208,-216,-216,-217,-218,-208,-201,-231,-220,-238,-198,-234,-215,-225,-200,-221,-204,-208,-223,-231,-222,-221,-238,-216,-208,-227,-205,-218,-217,-211,-211,-213,-218,-233,-219,-228,-240,-241,-205,-212,-225,-201,-216,-228,-247,-222,-217,-241,-223,-223,-218,-218,-216,-228,-200,-204,-192,-212
55,-210,-230,-225,-236,-237,-211,-210,-213,-211,-236,-241,-215,-223,-226,-215,-216,-228,-234,-234,-228,-225,-240,-217,-210,-214,-230,-220,-220,-206,-226,-225,-203,-208,-200,-215,-218,-231,-229,-226,-225,-224,-213,-225,-224,-208,-198,-207,-217,-210,-232,-207,-216,-208,-221,-225,-207,-216,-215,-213,-201,-231,-207,-223,-223,-197,-208,-217,-213,-217,-213,-218,-217,-226,-221,-202,-201,-225,-232,-216,-200,-205,-274,-212,-210,-208,-194,-217,-218,-234,-232,-219,-219,-224,-209,-223,-215,-211,-222,-207,-236,-209,-253,-224,-221,-236,-220,-216,-214,-208,-225,-221,-229,-213,-205,-210,-239,-206,-220,-233,-213,-217,-221,-199,-201,-206,-211,-217,-222,-241,-221,-220,-223,-212,-219,-239,-225,-210,-237,-204,-226,-196,-205,-208,-216,-216,-217,-218,-208,-230,-231,-220,-238,-198,-234,-215,-225,-229,-221,-204,-208,-223,-231,-222,-221,-238,-216,-208,-227,-205,-218,-217,-211,-211,-213,-218,-233,-219,-228,-240,-241,-205,-212,-225,-201,-216,-228,-247,-222,-217,-241,-223,-223,-218,-218,-216,-228,-200,-233,-221,-212
56,-240,-230,-225,-236,-237,-211,-210,-213,-211,-236,-241,-215,-223,-226,-215,-216,-228,-234,-234,-228,-225,-240,-217,-210,-244,-230,-220,-220,-206,-226,-225,-203,-208,-200,-215,-218,-231,-229,-226,-225,-224,-213,-225,-224,-208,-228,-207,-217,-210,-232,-207,-216,-208,-221,-225,-207,-216,-215,-213,-231,-231,-207,-223,-223,-227,-238,-217,-213,-217,-213,-218,-217,-226,-221,-232,-231,-225,-232,-216,-200,-235,-274,-212,-210,-208,-224,-217,-218,-234,-232,-219,-219,-224,-209,-223,-215,-211,-222,-207,-236,-209,-253,-224,-221,-236,-220,-216,-214,-208,-225,-221,-229,-213,-205,-210,-239,-206,-220,-233,-213,-217,-221,-229,-201,-206,-211,-217,-222,-241,-221,-220,-223,-242,-219,-239,-225,-210,-237,-204,-226,-226,-205,-208,-216,-216,-217,-218,-208,-230,-231,-220,-238,-198,-234,-245,-225,-229,-221,-204,-208,-223,-231,-222,-221,-238,-216,-208,-227,-235,-218,-217,-211,-211,-213,-218,-233,-219,-228,-240,-241,-205,-212,-225,-231,-216,-228,-247,-222,-217,-241,-223,-223,-218,-218,-216,-228,-230,-233,-221,-212
57,-209,-230,-225,-236,-237,-211,-210,-213,-211,-236,-241,-215,-223,-226,-215,-216,-228,-234,-234,-228,-225,-240,-217,-210,-244,-230,-220,-220,-206,-226,-225,-234,-239,-200,-215,-218,-231,-229,-226,-225,-224,-213,-225,-224,-239,-228,-207,-217,-210,-232,-207,-216,-208,-221,-225,-207,-216,-215,-213,-231,-231,-207,-223,-254,-227,-238,-217,-213,-217,-213,-218,-248,-226,-221,-232,-231,-225,-232,-216,-231,-235,-305,-243,-210,-208,-224,-217,-218,-234,-232,-219,-219,-224,-209,-254,-215,-211,-222,-207,-236,-209,-253,-224,-221,-236,-220,-216,-214,-208,-225,-221,-229,-213,-205,-210,-239,-206,-220,-233,-213,-217,-221,-229,-232,-237,-211,-217,-222,-241,-221,-220,-223,-242,-219,-239,-225,-210,-237,-235,-226,-226,-205,-208,-216,-216,-217,-218,-208,-230,-231,-220,-238,-198,-234,-245,-225,-229,-221,-235,-208,-223,-231,-222,-221,-238,-216,-239,-227,-235,-218,-217,-211,-242,-213,-218,-233,-219,-228,-240,-241,-236,-212,-225,-231,-216,-228,-247,-222,-217,-241,-223,-223,-218,-218,-216,-228,-230,-233,-221,-212
58,-241,-230,-225,-236,-237,-211,-242,-213,-211,-236,-241,-215,-223,-226,-215,-216,-228,-266,-234,-228,-225,-240,-217,-210,-244,-230,-220,-220,-206,-226,-225,-234,-239,-232,-215,-218,-263,-229,-226,-225,-224,-213,-225,-224,-239,-228,-207,-217,-210,-232,-239,-248,-208,-253,-225,-207,-216,-215,-213,-231,-231,-207,-223,-222,-227,-238,-217,-213,-217,-213,-218,-216,-226,-253,-232,-231,-225,-232,-216,-231,-235,-305,-243,-242,-208,-224,-217,-218,-234,-232,-251,-219,-224,-209,-254,-215,-211,-222,-207,-236,-209,-253,-224,-221,-236,-220,-216,-214,-240,-225,-221,-229,-213,-205,-210,-239,-238,-220,-233,-213,-217,-221,-229,-232,-237,-243,-217,-222,-241,-221,-220,-223,-242,-219,-239,-225,-210,-237,-235,-226,-226,-205,-240,-216,-216,-217,-218,-208,-230,-231,-220,-238,-230,-234,-245,-225,-229,-221,-235,-208,-223,-231,-222,-221,-238,-216,-239,-227,-235,-218,-217,-211,-242,-213,-218,-233,-219,-228,-240,-241,-236,-212,-225,-231,-216,-228,-247,-222,-217,-241,-223,-223,-218,-218,-216,-228,-230,-233,-221,-212
59,-241,-230,-225,-236,-237,-211,-209,-213,-244,-236,-241,-215,-223,-226,-215,-216,-228,-266,-234,-228,-225,-240,-217,-210,-244,-230,-220,-220,-206,-226,-225,-234,-239,-232,-215,-218,-263,-229,-226,-225,-224,-213,-225,-224,-239,-228,-240,-217,-210,-232,-239,-248,-208,-253,-225,-240,-249,-215,-213,-231,-231,-207,-223,-255,-227,-238,-217,-213,-217,-213,-218,-249,-226,-253,-232,-231,-225,-232,-216,-231,-235,-305,-243,-242,-208,-224,-217,-218,-234,-232,-251,-219,-224,-209,-254,-215,-211,-222,-240,-236,-242,-253,-257,-221,-236,-220,-216,-214,-240,-225,-221,-229,-213,-205,-210,-239,-238,-220,-233,-213,-217,-221,-229,-232,-237,-243,-217,-222,-241,-221,-220,-223,-242,-219,-239,-225,-210,-237,-235,-226,-226,-205,-240,-249,-216,-217,-218,-208,-230,-231,-220,-238,-230,-234,-245,-225,-229,-221,-235,-208,-223,-231,-222,-221,-238,-216,-239,-227,-235,-218,-217,-211,-242,-213,-218,-233,-219,-228,-240,-241,-236,-245,-225,-231,-216,-228,-247,-222,-217,-241,-223,-223,-218,-218,-216,-228,-230,-233,-221,-245
60,-241,-230,-225,-236,-237,-211,-209,-213,-244,-236,-241,-215,-223,-226,-249,-216,-228,-266,-234,-228,-225,-240,-217,-210,-244,-230,-220,-220,-206,-226,-225,-234,-239,-232,-215,-218,-263,-229,-226,-225,-224,-213,-225,-224,-239,-228,-240,-217,-210,-232,-239,-248,-208,-253,-225,-240,-249,-215,-213,-231,-231,-241,-223,-255,-227,-238,-217,-213,-217,-213,-218,-249,-226,-253,-232,-231,-225,-232,-216,-231,-235,-305,-243,-242,-208,-224,-217,-218,-268,-232,-251,-219,-224,-243,-254,-215,-245,-222,-240,-236,-208,-253,-257,-221,-236,-220,-216,-248,-240,-225,-221,-229,-213,-239,-210,-239,-238,-220,-233,-213,-217,-221,-229,-232,-237,-243,-217,-256,-241,-221,-220,-223,-242,-219,-239,-225,-244,-237,-235,-226,-226,-205,-240,-249,-216,-217,-218,-208,-230,-231,-220,-238,-230,-234,-245,-225,-229,-221,-235,-242,-223,-231,-222,-221,-238,-216,-239,-227,-235,-218,-217,-245,-242,-213,-218,-233,-219,-228,-240,-241,-236,-245,-225,-231,-216,-228,-247,-222,-217,-241,-223,-223,-218,-218,-216,-228,-230,-233,-221,-245
61,-241,-230,-225,-236,-237,-211,-244,-213,-244,-236,-241,-215,-223,-226,-249,-216,-228,-266,-234,-228,-225,-240,-217,-210,-244,-230,-220,-220,-241,-226,-225,-234,-239,-232,-250,-218,-263,-229,-226,-225,-224,-213,-225,-224,-239,-228,-240,-217,-210,-232,-239,-248,-208,-253,-225,-240,-249,-215,-248,-231,-231,-241,-223,-255,-227,-238,-217,-213,-217,-213,-218,-249,-226,-253,-232,-231,-225,-232,-216,-231,-235,-305,-243,-242,-208,-224,-217,-218,-268,-232,-251,-219,-224,-243,-254,-215,-245,-222,-240,-271,-208,-253,-257,-221,-236,-220,-216,-213,-240,-225,-221,-229,-248,-239,-210,-239,-238,-220,-233,-213,-217,-221,-229,-232,-237,-243,-217,-256,-241,-221,-220,-223,-242,-219,-239,-225,-244,-237,-235,-226,-226,-205,-240,-249,-216,-217,-218,-243,-230,-231,-220,-238,-230,-234,-245,-225,-229,-221,-235,-242,-223,-231,-222,-221,-238,-216,-239,-227,-235,-218,-217,-245,-242,-248,-218,-233,-219,-228,-240,-241,-236,-245,-225,-231,-216,-228,-247,-222,-217,-241,-223,-223,-218,-218,-216,-228,-230,-233,-221,-245
62,-241,-230,-225,-236,-237,-211,-244,-213,-244,-236,-241,-215,-223,-226,-249,-216,-228,-266,-234,-228,-225,-240,-217,-210,-244,-230,-220,-220,-205,-226,-225,-234,-239,-232,-250,-218,-263,-229,-226,-225,-224,-213,-225,-224,-239,-228,-240,-217,-246,-232,-239,-248,-208,-253,-225,-240,-249,-215,-248,-231,-231,-241,-223,-255,-227,-238,-217,-213,-217,-213,-218,-249,-226,-253,-232,-231,-225,-232,-216,-231,-235,-341,-243,-242,-208,-224,-217,-218,-268,-232,-251,-219,-224,-243,-254,-215,-245,-222,-240,-271,-208,-253,-257,-221,-236,-220,-216,-213,-240,-261,-221,-229,-248,-239,-210,-239,-238,-220,-233,-213,-217,-221,-229,-232,-237,-243,-217,-256,-241,-221,-220,-223,-242,-219,-239,-225,-244,-237,-235,-262,-226,-205,-240,-249,-216,-217,-254,-243,-230,-231,-220,-238,-230,-270,-245,-225,-229,-221,-235,-242,-223,-231,-222,-221,-238,-216,-239,-227,-235,-218,-217,-245,-242,-248,-218,-233,-219,-228,-240,-241,-236,-245,-225,-231,-216,-228,-247,-222,-217,-241,-223,-223,-218,-218,-216,-228,-230,-233,-221,-245
63,-241,-230,-225,-236,-237,-211,-244,-213,-244,-236,-241,-215,-223,-226,-249,-252,-228,-266,-234,-228,-225,-240,-217,-210,-244,-230,-220,-220,-205,-226,-225,-234,-239,-232,-214,-218,-263,-229,-226,-261,-224,-213,-225,-224,-239,-228,-240,-217,-210,-232,-239,-248,-244,-253,-225,-240,-249,-215,-248,-231,-231,-241,-223,-255,-227,-238,-217,-213,-217,-213,-218,-249,-226,-253,-232,-231,-225,-232,-216,-231,-235,-341,-243,-242,-244,-224,-217,-218,-268,-232,-251,-219,-224,-243,-254,-215,-245,-222,-240,-235,-244,-253,-257,-221,-236,-220,-216,-213,-240,-261,-221,-229,-248,-239,-210,-239,-238,-220,-233,-249,-217,-221,-229,-232,-237,-243,-217,-256,-241,-221,-220,-223,-242,-219,-239,-225,-244,-237,-235,-262,-226,-205,-240,-249,-216,-217,-254,-243,-230,-231,-220,-238,-230,-270,-245,-225,-229,-221,-235,-242,-223,-231,-222,-221,-238,-216,-239,-227,-235,-218,-217,-245,-242,-248,-218,-233,-219,-228,-240,-241,-236,-245,-225,-231,-216,-228,-247,-222,-217,-241,-223,-223,-218,-218,-216,-228,-230,-233,-221,-245
64,-241,-230,-225,-236,-237,-211,-244,-213,-244,-236,-241,-215,-223,-226,-249,-252,-228,-266,-234,-228,-225,-240,-217,-210,-244,-230,-220,-220,-205,-226,-225,-234,-239,-232,-214,-218,-263,-266,-226,-261,-224,-213,-225,-224,-239,-228,-240,-217,-210,-232,-239,-248,-207,-253,-225,-240,-249,-215,-248,-231,-231,-241,-223,-255,-227,-238,-217,-213,-217,-213,-218,-249,-226,-253,-232,-231,-225,-232,-216,-231,-235,-341,-243,-242,-244,-224,-217,-218,-268,-232,-251,-219,-224,-243,-254,-252,-245,-222,-240,-235,-244,-253,-257,-221,-236,-220,-216,-250,-240,-261,-221,-229,-211,-239,-210,-239,-238,-220,-233,-249,-217,-221,-229,-232,-237,-243,-217,-256,-278,-258,-220,-223,-242,-219,-239,-225,-244,-237,-235,-262,-226,-205,-240,-249,-216,-217,-254,-243,-230,-231,-220,-238,-230,-270,-245,-225,-229,-221,-235,-242,-223,-231,-222,-221,-238,-216,-239,-227,-235,-218,-217,-245,-242,-248,-218,-233,-219,-228,-240,-241,-236,-245,-225,-231,-216,-228,-247,-222,-217,-278,-223,-223,-218,-218,-216,-265,-230,-233,-221,-245
65,-241,-230,-225,-236,-237,-211,-244,-213,-244,-236,-241,-215,-223,-226,-249,-252,-228,-266,-234,-228,-225,-240,-217,-210,-244,-230,-220,-220,-242,-226,-225,-234,-239,-232,-214,-218,-263,-266,-226,-261,-224,-213,-225,-224,-239,-228,-240,-217,-247,-232,-239,-248,-244,-253,-225,-240,-249,-252,-248,-231,-231,-204,-223,-255,-227,-238,-217,-213,-217,-213,-218,-249,-226,-253,-232,-231,-225,-232,-216,-231,-235,-341,-243,-242,-244,-224,-217,-218,-268,-232,-251,-219,-224,-243,-254,-252,-245,-222,-240,-235,-244,-253,-257,-221,-236,-220,-216,-250,-240,-261,-221,-229,-211,-239,-210,-239,-238,-220,-233,-249,-217,-221,-229,-232,-237,-243,-217,-219,-241,-258,-220,-223,-242,-219,-239,-225,-244,-237,-235,-262,-226,-242,-240,-249,-216,-217,-254,-243,-230,-231,-220,-238,-230,-270,-245,-225,-229,-221,-235,-242,-260,-231,-222,-221,-238,-216,-239,-227,-235,-218,-217,-245,-242,-248,-218,-233,-219,-228,-240,-241,-236,-245,-225,-231,-216,-228,-247,-222,-254,-278,-223,-223,-218,-218,-216,-265,-230,-233,-221,-245
66,-241,-231,-226,-236,-237,-212,-242,-214,-244,-237,-241,-216,-224,-227,-247,-249,-229,-266,-235,-229,-226,-241,-218,-211,-243,-231,-221,-221,-242,-227,-226,-233,-239,-231,-215,-219,-263,-264,-226,-259,-225,-214,-226,-225,-237,-229,-238,-218,-246,-231,-237,-248,-244,-252,-226,-239,-249,-249,-247,-232,-231,-205,-224,-254,-228,-236,-218,-214,-218,-214,-219,-248,-227,-253,-230,-232,-226,-233,-217,-231,-235,-341,-242,-242,-243,-225,-218,-219,-268,-233,-251,-220,-225,-243,-254,-250,-244,-223,-238,-236,-242,-253,-256,-222,-235,-221,-217,-247,-240,-260,-222,-229,-212,-236,-211,-240,-235,-221,-234,-247,-218,-222,-230,-232,-236,-244,-218,-220,-242,-256,-221,-224,-242,-220,-240,-226,-244,-238,-233,-261,-227,-241,-241,-247,-217,-218,-250,-241,-231,-232,-221,-238,-230,-270,-245,-226,-229,-222,-235,-240,-257,-232,-223,-222,-238,-217,-239,-228,-235,-219,-218,-244,-242,-244,-219,-234,-220,-229,-240,-241,-236,-243,-226,-232,-217,-229,-248,-223,-253,-276,-224,-224,-219,-219,-217,-263,-231,-233,-222,-242
67,-239,-233,-228,-234,-233,-214,-240,-216,-244,-239,-241,-218,-226,-229,-243,-243,-231,-266,-237,-231,-226,-243,-220,-213,-241,-233,-223,-223,-242,-227,-228,-231,-239,-229,-217,-221,-263,-262,-226,-255,-227,-216,-228,-227,-233,-229,-236,-220,-244,-231,-235,-248,-242,-250,-228,-237,-249,-245,-247,-234,-231,-207,-226,-252,-228,-234,-220,-216,-220,-216,-221,-246,-227,-253,-228,-230,-228,-233,-219,-231,-235,-341,-240,-240,-241,-227,-220,-221,-268,-235,-251,-222,-227,-243,-254,-246,-242,-225,-234,-238,-240,-253,-254,-224,-233,-223,-219,-241,-240,-258,-224,-229,-214,-234,-213,-242,-231,-223,-236,-243,-220,-224,-230,-232,-236,-244,-220,-222,-244,-252,-223,-226,-240,-222,-242,-228,-244,-240,-233,-259,-229,-241,-241,-243,-219,-220,-246,-237,-231,-234,-223,-238,-232,-270,-245,-228,-229,-224,-235,-238,-251,-234,-225,-224,-236,-219,-239,-230,-233,-221,-220,-242,-242,-238,-221,-234,-222,-229,-240,-241,-234,-243,-228,-232,-219,-231,-250,-225,-251,-274,-226,-226,-221,-221,-219,-259,-229,-233,-224,-236
68,-237,-231,-230,-232,-233,-216,-238,-218,-244,-241,-241,-220,-228,-229,-239,-241,-231,-266,-239,-231,-226,-245,-222,-215,-239,-235,-225,-225,-240,-227,-228,-231,-239,-227,-219,-223,-263,-258,-226,-251,-229,-218,-230,-229,-231,-229,-234,-222,-242,-229,-233,-248,-242,-248,-228,-235,-249,-241,-247,-234,-231,-209,-228,-250,-228,-232,-222,-218,-222,-218,-223,-244,-229,-253,-228,-230,-230,-233,-221,-231,-235,-341,-238,-238,-239,-229,-222,-223,-268,-235,-251,-224,-229,-243,-254,-242,-240,-227,-232,-240,-238,-253,-252,-226,-231,-225,-221,-237,-240,-256,-226,-229,-216,-232,-215,-244,-229,-225,-238,-241,-222,-226,-230,-232,-234,-244,-222,-224,-246,-248,-225,-228,-240,-224,-244,-228,-244,-242,-231,-257,-229,-241,-241,-239,-221,-222,-242,-233,-231,-236,-225,-236,-232,-270,-245,-226,-227,-226,-235,-236,-245,-234,-227,-226,-236,-221,-239,-232,-231,-223,-222,-240,-242,-236,-223,-234,-224,-229,-240,-241,-234,-239,-230,-232,-221,-233,-252,-227,-249,-272,-228,-228,-223,-223,-221,-255,-229,-233,-226,-232
69,-237,-231,-230,-232,-233,-219,-235,-221,-244,-244,-241,-223,-231,-229,-236,-238,-231,-263,-239,-231,-226,-248,-225,-218,-236,-238,-228,-228,-240,-227,-228,-231,-239,-227,-222,-226,-263,-255,-226,-245,-232,-221,-233,-229,-231,-229,-231,-225,-239,-229,-230,-248,-239,-245,-228,-235,-246,-238,-247,-234,-231,-212,-231,-247,-225,-232,-225,-221,-225,-221,-226,-241,-229,-253,-228,-230,-233,-233,-224,-228,-235,-341,-235,-238,-236,-226,-225,-226,-268,-235,-251,-227,-229,-240,-254,-239,-237,-230,-229,-243,-235,-253,-249,-226,-231,-228,-224,-234,-240,-253,-229,-229,-219,-232,-218,-244,-229,-228,-241,-238,-225,-229,-230,-232,-231,-244,-225,-227,-249,-245,-228,-231,-240,-227,-244,-228,-244,-242,-231,-257,-229,-241,-241,-236,-224,-225,-239,-230,-231,-236,-228,-236,-229,-270,-245,-229,-227,-226,-235,-233,-242,-234,-230,-229,-236,-224,-239,-235,-231,-226,-225,-237,-239,-233,-226,-234,-227,-229,-240,-241,-234,-239,-230,-232,-224,-233,-252,-227,-246,-269,-228,-231,-226,-226,-224,-249,-229,-230,-229,-232
70,-233,-231,-230,-232,-233,-223,-231,-225,-244,-244,-241,-223,-231,-229,-232,-238,-231,-263,-239,-231,-226,-248,-229,-222,-236,-242,-228,-232,-240,-227,-228,-227,-239,-227,-226,-230,-263,-251,-226,-241,-232,-225,-233,-229,-231,-229,-231,-229,-235,-229,-230,-248,-239,-241,-228,-231,-246,-234,-247,-234,-231,-216,-231,-243,-225,-232,-229,-225,-229,-225,-230,-237,-229,-253,-224,-230,-237,-233,-224,-228,-235,-341,-235,-238,-232,-226,-229,-230,-268,-235,-251,-231,-229,-240,-254,-235,-237,-230,-229,-243,-235,-253,-245,-230,-231,-228,-228,-230,-240,-249,-233,-229,-223,-228,-222,-244,-229,-232,-241,-234,-225,-229,-230,-232,-231,-244,-229,-227,-253,-241,-232,-235,-236,-223,-244,-228,-244,-242,-231,-257,-229,-241,-241,-236,-228,-225,-235,-230,-231,-236,-228,-236,-229,-270,-245,-229,-227,-226,-235,-229,-238,-234,-234,-233,-236,-224,-239,-239,-227,-230,-229,-237,-239,-233,-230,-234,-231,-229,-240,-237,-234,-239,-230,-232,-224,-233,-252,-231,-242,-269,-228,-235,-226,-230,-228,-245,-229,-234,-229,-232
71,-233,-231,-230,-232,-233,-227,-227,-225,-244,-244,-241,-227,-231,-229,-232,-238,-231,-263,-239,-231,-226,-248,-229,-222,-236,-242,-228,-228,-240,-227,-228,-231,-239,-227,-230,-230,-263,-251,-226,-237,-232,-229,-229,-229,-231,-229,-231,-229,-231,-229,-230,-248,-239,-241,-228,-231,-246,-230,-247,-234,-231,-220,-235,-243,-225,-232,-233,-229,-229,-229,-230,-233,-229,-253,-224,-230,-237,-233,-224,-228,-235,-341,-235,-238,-228,-226,-233,-230,-268,-235,-251,-231,-229,-240,-254,-231,-233,-230,-229,-243,-235,-253,-241,-230,-231,-228,-232,-226,-240,-245,-233,-229,-227,-228,-226,-244,-229,-236,-245,-230,-225,-229,-230,-232,-231,-244,-229,-231,-257,-237,-232,-239,-240,-227,-244,-228,-244,-242,-231,-257,-229,-241,-237,-236,-232,-225,-235,-234,-231,-236,-228,-236,-229,-270,-245,-229,-227,-226,-235,-229,-234,-234,-234,-237,-236,-224,-239,-239,-231,-234,-233,-237,-239,-233,-230,-234,-231,-229,-240,-241,-234,-239,-230,-232,-228,-233,-252,-231,-238,-269,-232,-239,-226,-234,-228,-245,-229,-234,-229,-228
72,-233,-236,-230,-232,-233,-227,-227,-225,-244,-244,-241,-227,-231,-229,-232,-238,-231,-263,-244,-231,-226,-248,-229,-222,-236,-242,-228,-233,-240,-227,-228,-231,-239,-227,-230,-230,-263,-251,-226,-232,-232,-229,-234,-229,-231,-229,-231,-229,-231,-229,-230,-248,-239,-241,-228,-231,-246,-230,-247,-239,-231,-225,-235,-243,-225,-232,-233,-229,-229,-234,-230,-233,-229,-253,-224,-230,-237,-233,-224,-228,-235,-341,-235,-238,-228,-226,-233,-230,-268,-235,-251,-231,-229,-240,-254,-226,-233,-230,-229,-248,-235,-253,-241,-230,-231,-228,-232,-226,-240,-245,-233,-229,-232,-228,-226,-244,-229,-236,-245,-230,-225,-229,-230,-232,-231,-244,-229,-226,-262,-237,-232,-239,-240,-227,-244,-228,-244,-247,-231,-257,-229,-241,-242,-236,-232,-225,-235,-234,-231,-236,-228,-236,-229,-270,-245,-229,-227,-226,-235,-234,-234,-234,-234,-237,-236,-224,-239,-239,-231,-234,-233,-237,-239,-233,-235,-234,-231,-229,-240,-241,-234,-239,-230,-232,-228,-233,-252,-231,-233,-269,-227,-244,-226,-239,-228,-245,-229,-234,-229,-228
73,-233,-231,-230,-232,-233,-232,-227,-230,-244,-244,-241,-227,-231,-229,-232,-238,-231,-263,-244,-231,-226,-248,-229,-227,-236,-242,-233,-233,-240,-227,-228,-231,-239,-227,-230,-230,-263,-251,-226,-227,-232,-234,-234,-229,-231,-229,-231,-229,-231,-229,-230,-248,-239,-241,-228,-231,-246,-230,-247,-234,-231,-230,-235,-243,-225,-232,-238,-229,-229,-234,-230,-233,-229,-253,-224,-235,-237,-233,-229,-228,-235,-341,-235,-238,-228,-226,-233,-235,-268,-235,-251,-231,-229,-240,-254,-231,-233,-230,-229,-248,-235,-253,-241,-230,-231,-228,-232,-226,-240,-245,-233,-229,-237,-228,-226,-249,-229,-236,-245,-230,-225,-229,-230,-232,-231,-244,-229,-231,-262,-237,-232,-239,-235,-227,-249,-228,-244,-242,-231,-257,-229,-241,-242,-231,-237,-225,-235,-234,-231,-236,-228,-236,-229,-270,-245,-229,-227,-226,-235,-234,-234,-234,-239,-242,-236,-224,-239,-239,-231,-234,-233,-237,-239,-233,-235,-234,-231,-229,-240,-241,-229,-239,-230,-232,-228,-233,-252,-231,-233,-269,-232,-244,-226,-239,-228,-245,-229,-234,-229,-228
74,-233,-231,-230,-232,-233,-226,-227,-230,-244,-250,-241,-227,-231,-229,-232,-238,-231,-263,-244,-231,-226,-248,-235,-227,-236,-242,-233,-233,-240,-227,-228,-231,-239,-227,-230,-230,-263,-257,-226,-227,-232,-234,-234,-229,-231,-229,-231,-229,-231,-229,-230,-248,-239,-241,-228,-231,-246,-230,-247,-234,-231,-230,-235,-243,-225,-232,-238,-229,-229,-234,-236,-239,-229,-253,-224,-229,-237,-233,-229,-228,-235,-341,-235,-238,-228,-226,-233,-235,-268,-235,-251,-231,-229,-240,-254,-225,-233,-230,-229,-248,-235,-253,-241,-230,-231,-228,-232,-226,-240,-245,-239,-229,-237,-228,-226,-249,-229,-236,-245,-230,-231,-229,-230,-232,-231,-244,-229,-231,-262,-237,-232,-239,-235,-227,-243,-228,-244,-248,-231,-257,-229,-241,-242,-237,-237,-225,-235,-234,-231,-236,-228,-236,-229,-270,-245,-229,-227,-232,-235,-234,-234,-234,-239,-242,-236,-224,-239,-239,-231,-234,-233,-237,-239,-233,-235,-234,-231,-229,-240,-241,-235,-239,-230,-232,-228,-233,-252,-231,-233,-269,-232,-244,-226,-239,-228,-245,-229,-234,-229,-228
75,-233,-231,-230,-232,-233,-226,-227,-230,-244,-250,-241,-227,-231,-236,-232,-238,-231,-263,-244,-231,-226,-248,-235,-227,-236,-242,-233,-233,-240,-227,-228,-231,-239,-227,-237,-230,-263,-257,-226,-227,-232,-234,-234,-229,-231,-229,-231,-229,-231,-229,-230,-248,-239,-241,-228,-231,-239,-230,-247,-241,-231,-230,-235,-243,-225,-232,-238,-229,-229,-234,-229,-232,-229,-253,-224,-236,-237,-233,-229,-228,-235,-341,-235,-238,-228,-226,-233,-235,-268,-235,-251,-231,-229,-240,-254,-232,-233,-230,-229,-241,-235,-253,-241,-230,-231,-228,-232,-226,-240,-245,-239,-229,-237,-228,-226,-249,-229,-236,-245,-230,-231,-229,-230,-232,-231,-244,-229,-231,-262,-237,-239,-239,-235,-227,-243,-228,-244,-248,-231,-257,-229,-241,-242,-237,-237,-232,-235,-234,-231,-236,-228,-236,-229,-270,-245,-229,-227,-232,-235,-234,-234,-234,-239,-242,-236,-224,-239,-239,-231,-234,-233,-237,-239,-233,-235,-234,-231,-229,-240,-241,-235,-239,-230,-232,-228,-233,-259,-231,-240,-269,-232,-244,-226,-239,-228,-245,-229,-234,-229,-228
76,-233,-231,-230,-232,-233,-226,-227,-230,-244,-250,-241,-227,-238,-236,-232,-238,-231,-263,-244,-231,-226,-248,-235,-227,-229,-242,-233,-233,-240,-227,-228,-231,-239,-227,-237,-230,-263,-257,-233,-227,-239,-234,-234,-229,-231,-229,-231,-229,-231,-229,-230,-248,-239,-241,-228,-231,-239,-230,-247,-241,-231,-230,-235,-243,-225,-232,-238,-229,-236,-234,-236,-239,-229,-253,-224,-236,-237,-233,-229,-228,-235,-341,-235,-238,-228,-233,-233,-235,-268,-235,-251,-231,-229,-240,-254,-232,-233,-230,-229,-248,-235,-253,-241,-230,-231,-228,-232,-226,-240,-245,-239,-229,-237,-228,-226,-249,-229,-236,-245,-230,-231,-229,-230,-232,-231,-244,-229,-231,-262,-237,-239,-239,-235,-234,-250,-228,-244,-248,-231,-257,-229,-241,-242,-237,-237,-232,-235,-234,-231,-236,-228,-236,-229,-270,-245,-229,-227,-232,-235,-234,-234,-234,-239,-242,-236,-224,-239,-239,-231,-234,-233,-237,-239,-233,-235,-234,-231,-229,-240,-241,-235,-239,-230,-232,-228,-233,-259,-231,-233,-269,-232,-244,-226,-239,-228,-245,-229,-234,-229,-228
77,-233,-231,-230,-232,-233,-234,-227,-230,-244,-250,-241,-227,-238,-236,-232,-238,-231,-263,-244,-231,-226,-248,-235,-227,-237,-242,-233,-233,-240,-227,-228,-231,-239,-227,-237,-230,-263,-257,-233,-235,-239,-234,-234,-229,-231,-229,-231,-229,-231,-229,-230,-248,-239,-241,-228,-231,-239,-230,-247,-241,-231,-230,-235,-243,-225,-232,-238,-229,-228,-234,-228,-239,-229,-253,-232,-236,-237,-241,-229,-228,-235,-341,-235,-238,-228,-233,-233,-235,-268,-235,-251,-231,-229,-240,-254,-232,-233,-230,-229,-248,-235,-253,-241,-230,-231,-236,-232,-226,-240,-245,-239,-229,-237,-228,-226,-249,-229,-236,-245,-230,-231,-229,-230,-232,-231,-244,-229,-231,-262,-237,-231,-239,-235,-234,-250,-236,-244,-248,-231,-257,-229,-241,-242,-237,-237,-232,-235,-234,-231,-236,-236,-236,-229,-270,-245,-229,-227,-232,-235,-234,-234,-234,-239,-242,-236,-224,-239,-239,-231,-234,-233,-237,-239,-233,-235,-234,-231,-229,-240,-241,-235,-239,-230,-232,-228,-233,-259,-231,-233,-269,-232,-244,-234,-239,-228,-245,-229,-234,-229,-228
78,-233,-231,-230,-232,-233,-234,-236,-230,-244,-250,-241,-227,-238,-236,-232,-238,-231,-263,-244,-231,-226,-248,-235,-227,-237,-242,-233,-233,-240,-227,-228,-231,-248,-227,-237,-230,-263,-257,-233,-235,-239,-234,-234,-229,-231,-229,-231,-229,-231,-229,-230,-248,-239,-241,-228,-231,-239,-230,-247,-241,-231,-230,-235,-243,-225,-232,-238,-229,-237,-234,-237,-239,-229,-253,-232,-236,-237,-241,-229,-228,-235,-341,-235,-238,-228,-224,-242,-235,-268,-235,-251,-231,-229,-240,-254,-223,-233,-230,-229,-248,-235,-253,-241,-230,-231,-236,-232,-226,-240,-245,-239,-229,-237,-228,-226,-249,-229,-236,-245,-230,-231,-229,-230,-232,-231,-244,-238,-231,-262,-237,-231,-239,-244,-234,-250,-227,-244,-248,-231,-257,-229,-241,-242,-237,-237,-232,-235,-234,-231,-236,-236,-236,-229,-270,-245,-229,-227,-232,-235,-234,-234,-234,-239,-242,-236,-224,-239,-239,-231,-234,-233,-237,-239,-233,-235,-234,-231,-229,-249,-241,-235,-239,-230,-232,-228,-233,-259,-231,-233,-269,-232,-244,-234,-239,-237,-245,-229,-234,-229,-237
79,-233,-231,-230,-232,-233,-234,-226,-230,-244,-250,-241,-227,-238,-236,-232,-238,-231,-263,-244,-231,-226,-248,-235,-227,-237,-242,-233,-233,-240,-227,-228,-231,-248,-227,-237,-230,-263,-257,-233,-235,-239,-234,-234,-229,-231,-239,-231,-229,-231,-229,-230,-248,-239,-241,-228,-231,-239,-230,-247,-241,-231,-230,-235,-243,-225,-232,-238,-229,-237,-234,-237,-239,-229,-253,-232,-236,-237,-241,-229,-228,-235,-341,-235,-238,-228,-234,-242,-235,-268,-235,-251,-231,-229,-240,-254,-233,-233,-230,-229,-248,-235,-253,-231,-230,-231,-236,-232,-226,-240,-245,-239,-229,-237,-238,-226,-249,-229,-236,-245,-230,-231,-229,-230,-232,-231,-244,-238,-231,-262,-237,-241,-239,-244,-234,-250,-237,-244,-248,-231,-257,-229,-241,-242,-237,-237,-232,-235,-234,-231,-236,-236,-236,-229,-270,-245,-229,-227,-232,-235,-234,-234,-234,-239,-242,-236,-224,-239,-239,-231,-244,-233,-237,-239,-233,-235,-234,-241,-229,-249,-241,-235,-239,-230,-232,-228,-233,-259,-231,-243,-269,-232,-244,-234,-239,-237,-245,-229,-234,-229,-237
80,-244,-231,-230,-232,-233,-234,-226,-230,-244,-250,-241,-227,-238,-236,-232,-238,-231,-263,-244,-231,-226,-248,-235,-227,-237,-253,-233,-233,-240,-227,-228,-231,-248,-227,-237,-230,-263,-257,-233,-235,-239,-234,-234,-240,-231,-239,-231,-229,-231,-229,-230,-248,-239,-241,-228,-231,-239,-230,-247,-241,-231,-241,-235,-243,-236,-232,-238,-229,-237,-234,-237,-239,-229,-253,-232,-236,-237,-241,-229,-228,-235,-341,-235,-238,-228,-234,-231,-235,-268,-235,-251,-231,-229,-240,-254,-233,-233,-230,-229,-248,-235,-253,-242,-230,-231,-236,-232,-237,-240,-245,-239,-229,-237,-227,-226,-249,-229,-236,-245,-230,-231,-229,-230,-232,-231,-255,-238,-231,-262,-237,-241,-239,-244,-234,-250,-237,-244,-248,-231,-257,-229,-241,-242,-237,-237,-232,-235,-234,-231,-236,-236,-236,-229,-270,-245,-229,-227,-232,-235,-234,-234,-234,-239,-242,-236,-224,-239,-239,-231,-244,-233,-237,-239,-233,-235,-234,-241,-229,-249,-241,-235,-239,-241,-232,-228,-233,-259,-231,-243,-269,-232,-244,-234,-239,-237,-245,-229,-234,-229,-237
81,-244,-242,-230,-232,-244,-234,-226,-230,-244,-250,-241,-227,-238,-236,-232,-238,-231,-263,-244,-231,-226,-248,-235,-227,-237,-253,-233,-233,-240,-227,-228,-231,-248,-227,-237,-241,-263,-257,-233,-235,-239,-234,-234,-229,-231,-239,-231,-229,-231,-229,-230,-248,-239,-241,-228,-231,-239,-230,-247,-241,-231,-241,-235,-243,-236,-232,-238,-229,-237,-234,-237,-239,-229,-253,-221,-236,-237,-241,-229,-228,-235,-341,-235,-238,-228,-234,-242,-235,-268,-235,-251,-231,-229,-240,-254,-233,-233,-230,-229,-248,-235,-253,-242,-230,-242,-236,-232,-237,-240,-245,-239,-229,-237,-227,-226,-249,-229,-236,-245,-230,-231,-229,-230,-232,-231,-255,-238,-242,-262,-237,-241,-239,-244,-234,-250,-237,-244,-248,-231,-257,-240,-241,-242,-237,-237,-232,-235,-234,-242,-236,-236,-236,-229,-270,-245,-229,-227,-232,-235,-234,-234,-234,-239,-242,-236,-224,-239,-239,-231,-244,-233,-237,-239,-233,-235,-234,-230,-229,-249,-241,-235,-239,-241,-232,-228,-233,-259,-231,-243,-269,-232,-244,-234,-239,-237,-245,-229,-234,-229,-237
82,-244,-242,-242,-232,-232,-234,-226,-230,-244,-250,-241,-227,-238,-236,-232,-238,-231,-263,-244,-231,-226,-248,-235,-227,-237,-253,-233,-233,-240,-227,-228,-231,-248,-227,-237,-241,-263,-257,-233,-235,-239,-234,-234,-241,-231,-239,-243,-229,-231,-229,-230,-248,-239,-241,-228,-231,-239,-230,-247,-241,-231,-241,-235,-243,-236,-232,-238,-229,-237,-234,-237,-239,-229,-253,-233,-236,-237,-241,-229,-228,-235,-341,-235,-238,-228,-234,-230,-235,-268,-235,-251,-231,-241,-240,-254,-233,-233,-230,-229,-248,-235,-253,-242,-230,-242,-236,-232,-237,-240,-245,-239,-229,-237,-239,-226,-249,-229,-236,-245,-230,-231,-229,-230,-232,-231,-255,-238,-230,-262,-237,-241,-251,-244,-234,-250,-225,-244,-248,-231,-257,-240,-241,-242,-237,-237,-232,-235,-234,-242,-236,-236,-236,-229,-270,-245,-229,-227,-232,-235,-234,-234,-234,-239,-242,-236,-224,-239,-239,-231,-244,-233,-237,-239,-233,-235,-234,-242,-241,-249,-241,-235,-239,-241,-232,-228,-233,-259,-231,-231,-269,-232,-244,-234,-239,-237,-245,-229,-234,-229,-225
83,-244,-229,-242,-232,-232,-234,-239,-230,-244,-250,-241,-227,-238,-236,-232,-238,-231,-263,-244,-231,-226,-248,-235,-227,-237,-253,-233,-233,-240,-227,-228,-231,-248,-227,-237,-241,-263,-257,-233,-235,-239,-234,-234,-241,-231,-239,-230,-242,-231,-229,-230,-248,-239,-241,-228,-231,-239,-230,-247,-241,-231,-241,-235,-243,-236,-232,-238,-229,-237,-234,-224,-239,-229,-253,-220,-236,-237,-241,-229,-228,-235,-341,-235,-238,-228,-234,-230,-235,-268,-235,-251,-231,-241,-240,-254,-233,-233,-230,-229,-248,-235,-253,-242,-230,-229,-236,-232,-237,-240,-245,-239,-229,-237,-239,-226,-249,-242,-236,-245,-230,-231,-242,-230,-232,-231,-255,-238,-243,-262,-237,-241,-251,-244,-234,-250,-238,-244,-248,-231,-257,-240,-241,-242,-237,-237,-232,-235,-234,-242,-249,-236,-236,-229,-270,-245,-229,-227,-232,-235,-234,-234,-234,-252,-242,-249,-237,-239,-239,-231,-244,-233,-237,-239,-233,-235,-234,-242,-241,-249,-241,-235,-239,-228,-232,-228,-233,-259,-231,-244,-269,-232,-244,-234,-239,-237,-245,-242,-234,-229,-238
84,-244,-243,-242,-232,-246,-234,-225,-230,-244,-250,-241,-227,-238,-236,-232,-238,-231,-263,-244,-231,-226,-248,-235,-241,-237,-253,-233,-233,-240,-227,-228,-231,-248,-227,-237,-241,-263,-257,-233,-235,-239,-234,-234,-241,-231,-239,-230,-242,-231,-229,-230,-248,-239,-241,-228,-231,-239,-230,-247,-241,-231,-241,-235,-243,-236,-232,-238,-243,-237,-234,-238,-239,-229,-253,-234,-236,-237,-241,-229,-228,-235,-341,-235,-238,-228,-234,-230,-235,-268,-235,-251,-231,-241,-240,-254,-233,-233,-230,-229,-248,-235,-253,-242,-230,-243,-236,-232,-237,-240,-245,-239,-229,-237,-239,-226,-249,-228,-236,-245,-230,-231,-228,-230,-232,-231,-255,-238,-243,-262,-237,-241,-251,-244,-234,-250,-238,-244,-248,-231,-257,-240,-241,-242,-237,-237,-232,-235,-234,-242,-249,-236,-236,-243,-270,-245,-229,-227,-232,-235,-234,-234,-234,-238,-242,-235,-237,-239,-239,-231,-244,-233,-237,-239,-247,-235,-234,-242,-241,-249,-241,-235,-239,-242,-232,-228,-233,-259,-245,-230,-269,-232,-244,-234,-239,-237,-245,-242,-234,-229,-238
85,-244,-243,-242,-232,-231,-234,-225,-230,-244,-250,-241,-227,-238,-236,-247,-238,-231,-263,-244,-231,-226,-248,-235,-226,-237,-253,-233,-233,-240,-227,-228,-231,-248,-227,-237,-241,-263,-257,-233,-235,-239,-234,-234,-241,-231,-239,-230,-242,-231,-244,-230,-248,-239,-241,-228,-231,-239,-230,-247,-241,-231,-241,-235,-243,-236,-232,-238,-228,-237,-234,-238,-239,-229,-253,-234,-236,-252,-241,-229,-228,-235,-341,-235,-238,-228,-234,-230,-235,-268,-235,-251,-231,-241,-240,-254,-233,-233,-230,-229,-248,-235,-253,-242,-230,-243,-236,-232,-237,-240,-245,-239,-229,-237,-239,-226,-249,-228,-236,-245,-230,-231,-243,-230,-232,-231,-255,-238,-243,-262,-237,-241,-251,-244,-234,-250,-238,-244,-263,-231,-257,-240,-241,-242,-237,-237,-232,-235,-234,-242,-249,-236,-236,-228,-270,-245,-229,-227,-232,-235,-234,-234,-234,-238,-242,-235,-237,-239,-239,-231,-244,-233,-237,-239,-232,-235,-234,-242,-241,-249,-241,-235,-239,-242,-232,-228,-233,-274,-245,-245,-269,-232,-244,-234,-254,-237,-245,-242,-234,-229,-238
86,-243,-242,-242,-233,-232,-234,-226,-230,-244,-250,-241,-228,-237,-236,-245,-238,-232,-264,-245,-231,-227,-249,-235,-227,-237,-252,-234,-233,-240,-228,-229,-232,-247,-228,-236,-240,-264,-257,-232,-235,-239,-235,-235,-240,-232,-238,-231,-242,-231,-241,-231,-248,-239,-241,-229,-232,-239,-230,-247,-241,-231,-240,-236,-243,-235,-233,-238,-229,-236,-235,-237,-239,-230,-253,-232,-236,-251,-241,-230,-229,-235,-341,-235,-239,-229,-233,-231,-236,-268,-236,-251,-232,-240,-240,-254,-233,-234,-231,-229,-249,-235,-253,-243,-231,-242,-236,-233,-236,-240,-245,-239,-230,-238,-237,-227,-249,-229,-237,-246,-231,-231,-242,-231,-232,-232,-254,-237,-242,-262,-237,-239,-251,-243,-233,-250,-236,-244,-261,-231,-257,-240,-241,-243,-237,-237,-232,-235,-233,-240,-248,-236,-236,-229,-270,-245,-230,-228,-232,-235,-234,-234,-235,-239,-242,-235,-237,-239,-239,-231,-243,-234,-238,-239,-233,-236,-235,-240,-241,-249,-241,-235,-239,-240,-232,-229,-234,-271,-245,-244,-270,-233,-244,-234,-253,-237,-245,-241,-235,-230,-236
87,-242,-241,-242,-233,-233,-234,-227,-231,-244,-250,-241,-228,-236,-236,-243,-238,-233,-264,-245,-231,-228,-249,-236,-228,-237,-251,-235,-233,-240,-229,-230,-233,-246,-228,-236,-239,-265,-257,-231,-234,-239,-235,-236,-239,-233,-238,-232,-242,-232,-238,-232,-248,-239,-241,-230,-233,-239,-230,-247,-242,-231,-239,-236,-243,-234,-233,-238,-230,-236,-235,-236,-239,-231,-253,-231,-236,-250,-241,-231,-230,-235,-341,-235,-240,-230,-232,-232,-236,-268,-237,-251,-233,-239,-240,-254,-233,-235,-232,-229,-248,-235,-253,-243,-231,-241,-236,-234,-235,-240,-245,-239,-231,-238,-236,-228,-249,-230,-238,-247,-232,-231,-241,-232,-232,-232,-253,-236,-241,-262,-238,-238,-251,-243,-233,-249,-235,-244,-259,-232,-257,-240,-241,-244,-238,-237,-232,-235,-233,-238,-248,-236,-236,-230,-270,-245,-231,-229,-232,-235,-234,-234,-235,-240,-242,-235,-237,-239,-240,-231,-243,-234,-238,-240,-234,-237,-236,-239,-241,-248,-241,-235,-239,-238,-232,-229,-235,-268,-245,-243,-271,-233,-244,-234,-252,-236,-245,-240,-236,-230,-235
88,-241,-240,-242,-233,-234,-234,-228,-231,-244,-250,-241,-228,-236,-236,-242,-238,-233,-264,-246,-232,-229,-249,-236,-228,-237,-251,-235,-233,-240,-230,-230,-234,-245,-228,-236,-238,-265,-257,-230,-234,-239,-235,-237,-238,-234,-237,-233,-242,-232,-237,-232,-248,-239,-241,-231,-234,-239,-230,-247,-242,-231,-238,-236,-243,-233,-233,-238,-231,-235,-235,-236,-239,-232,-253,-230,-236,-249,-241,-231,-230,-235,-341,-235,-241,-230,-232,-233,-236,-268,-238,-251,-234,-239,-240,-254,-233,-236,-233,-230,-249,-235,-253,-243,-231,-240,-236,-234,-234,-240,-245,-239,-232,-239,-235,-229,-249,-231,-239,-247,-232,-231,-240,-232,-232,-232,-252,-235,-240,-262,-238,-237,-251,-243,-233,-249,-234,-244,-258,-232,-257,-240,-241,-244,-238,-238,-232,-235,-233,-237,-248,-236,-236,-231,-270,-245,-231,-229,-232,-235,-234,-234,-235,-240,-243,-235,-237,-239,-240,-231,-242,-234,-239,-240,-235,-237,-236,-238,-241,-248,-242,-235,-239,-238,-232,-230,-236,-266,-245,-242,-272,-234,-244,-234,-251,-236,-245,-239,-236,-230,-235
89,-240,-239,-242,-233,-235,-234,-229,-231,-244,-250,-241,-229,-236,-236,-241,-238,-233,-264,-245,-232,-229,-249,-236,-229,-237,-251,-236,-233,-240,-231,-230,-235,-245,-229,-236,-237,-265,-257,-230,-233,-239,-235,-237,-237,-234,-237,-232,-242,-232,-236,-233,-248,-239,-241,-232,-235,-239,-230,-247,-242,-231,-238,-237,-243,-232,-233,-238,-232,-235,-235,-236,-239,-232,-253,-230,-236,-248,-241,-231,-231,-235,-341,-235,-241,-230,-232,-234,-236,-268,-238,-251,-234,-239,-240,-254,-233,-237,-234,-230,-249,-235,-253,-243,-232,-239,-236,-234,-233,-240,-245,-239,-233,-239,-234,-230,-249,-231,-239,-247,-233,-231,-239,-232,-232,-232,-251,-235,-239,-262,-238,-237,-251,-243,-233,-250,-234,-244,-257,-233,-257,-240,-241,-244,-239,-238,-232,-235,-234,-236,-248,-236,-236,-232,-270,-245,-231,-230,-232,-235,-235,-234,-235,-240,-243,-236,-237,-239,-240,-231,-241,-235,-239,-240,-236,-238,-236,-238,-241,-248,-242,-235,-239,-237,-232,-230,-236,-264,-245,-241,-272,-234,-244,-234,-250,-235,-245,-238,-237,-230,-235
90,-240,-238,-242,-233,-236,-234,-229,-231,-244,-250,-241,-229,-236,-236,-240,-238,-233,-264,-246,-232,-229,-249,-236,-229,-237,-251,-236,-233,-240,-231,-231,-235,-245,-229,-236,-237,-265,-257,-230,-233,-239,-235,-237,-236,-234,-237,-233,-242,-232,-235,-233,-248,-239,-241,-232,-236,-239,-230,-247,-242,-231,-237,-237,-243,-231,-234,-238,-233,-235,-236,-236,-239,-232,-253,-230,-236,-247,-241,-232,-231,-235,-341,-235,-241,-231,-231,-235,-236,-268,-239,-251,-234,-239,-240,-254,-233,-237,-235,-231,-248,-235,-253,-243,-232,-238,-236,-235,-232,-240,-245,-239,-234,-239,-234,-230,-249,-231,-239,-248,-233,-231,-238,-232,-232,-232,-251,-235,-238,-262,-238,-237,-251,-243,-233,-250,-234,-244,-256,-233,-257,-240,-241,-245,-239,-238,-232,-235,-234,-236,-248,-236,-236,-233,-270,-245,-232,-230,-232,-235,-234,-234,-235,-241,-243,-236,-237,-239,-240,-231,-241,-235,-239,-240,-237,-238,-236,-238,-241,-248,-243,-235,-239,-237,-232,-230,-236,-263,-245,-240,-273,-233,-244,-234,-249,-235,-245,-237,-236,-231,-235
91,-240,-237,-242,-233,-235,-234,-230,-232,-244,-250,-241,-230,-237,-236,-239,-238,-233,-264,-246,-232,-229,-249,-236,-229,-237,-251,-236,-234,-240,-232,-231,-235,-246,-229,-236,-236,-266,-257,-230,-233,-239,-236,-237,-235,-234,-237,-233,-242,-233,-234,-233,-248,-239,-241,-233,-237,-239,-230,-247,-242,-231,-237,-237,-243,-231,-234,-238,-233,-235,-236,-236,-239,-232,-253,-230,-236,-246,-241,-232,-232,-235,-341,-235,-241,-231,-231,-236,-236,-268,-239,-251,-234,-239,-240,-254,-233,-237,-236,-231,-248,-235,-253,-243,-232,-237,-236,-235,-232,-240,-245,-239,-235,-239,-234,-231,-249,-232,-239,-248,-233,-231,-237,-232,-232,-232,-251,-235,-238,-262,-239,-237,-251,-243,-234,-249,-234,-244,-255,-234,-257,-240,-241,-244,-239,-238,-232,-235,-234,-236,-248,-236,-236,-233,-270,-245,-232,-230,-232,-235,-235,-234,-235,-241,-243,-236,-237,-239,-241,-231,-241,-235,-239,-240,-237,-239,-236,-237,-241,-248,-243,-235,-239,-237,-233,-230,-236,-262,-245,-239,-273,-234,-244,-234,-248,-235,-245,-236,-237,-231,-234
92,-240,-237,-242,-233,-235,-234,-230,-232,-244,-250,-241,-230,-236,-236,-238,-238,-233,-265,-246,-232,-229,-249,-236,-228,-237,-251,-236,-234,-240,-232,-230,-235,-246,-229,-237,-236,-267,-257,-230,-233,-239,-236,-237,-235,-234,-237,-234,-242,-233,-233,-233,-248,-239,-241,-233,-237,-239,-230,-247,-242,-231,-236,-237,-243,-232,-234,-238,-233,-235,-236,-235,-239,-232,-253,-230,-236,-246,-241,-232,-231,-235,-341,-235,-241,-231,-231,-237,-236,-268,-239,-251,-234,-239,-240,-254,-233,-238,-236,-231,-248,-236,-253,-244,-233,-236,-236,-235,-232,-240,-245,-239,-235,-239,-234,-231,-249,-232,-239,-249,-233,-231,-236,-233,-232,-232,-251,-235,-237,-262,-239,-237,-251,-243,-234,-250,-234,-244,-254,-234,-257,-240,-241,-245,-239,-238,-232,-235,-234,-235,-248,-236,-237,-234,-270,-245,-232,-230,-232,-235,-235,-234,-235,-241,-243,-236,-237,-239,-241,-231,-241,-236,-239,-241,-237,-239,-237,-237,-241,-248,-243,-235,-239,-237,-233,-230,-236,-261,-245,-239,-273,-234,-244,-234,-247,-235,-245,-236,-237,-231,-234
93,-240,-237,-242,-233,-235,-234,-230,-232,-244,-250,-241,-230,-236,-236,-238,-238,-235,-267,-246,-232,-229,-249,-236,-230,-237,-251,-236,-234,-240,-232,-232,-235,-246,-229,-237,-236,-267,-257,-230,-233,-239,-236,-237,-237,-234,-237,-232,-242,-233,-233,-233,-248,-239,-241,-233,-237,-239,-230,-247,-242,-233,-236,-239,-243,-232,-234,-240,-233,-235,-236,-235,-239,-232,-253,-230,-236,-246,-241,-232,-231,-235,-341,-235,-241,-231,-231,-239,-236,-268,-239,-251,-236,-239,-240,-254,-233,-238,-236,-231,-248,-236,-253,-242,-233,-234,-236,-235,-232,-240,-245,-239,-235,-239,-234,-231,-249,-232,-239,-249,-233,-231,-236,-233,-232,-232,-251,-235,-237,-262,-239,-237,-251,-243,-234,-250,-234,-244,-252,-234,-257,-240,-241,-245,-239,-238,-232,-235,-234,-237,-248,-236,-237,-234,-270,-245,-232,-230,-232,-235,-235,-234,-237,-241,-243,-236,-237,-239,-241,-231,-241,-236,-241,-241,-237,-239,-237,-237,-241,-248,-243,-235,-239,-237,-233,-230,-236,-259,-245,-239,-273,-234,-246,-234,-245,-235,-245,-236,-237,-231,-234
94,-239,-236,-242,-233,-236,-234,-231,-232,-244,-250,-241,-230,-237,-236,-238,-238,-235,-267,-246,-232,-229,-249,-236,-230,-237,-251,-236,-234,-240,-232,-232,-235,-246,-229,-237,-236,-267,-257,-230,-233,-239,-236,-237,-236,-234,-237,-233,-242,-233,-233,-233,-248,-239,-241,-233,-236,-239,-230,-247,-242,-233,-236,-238,-243,-232,-234,-240,-233,-235,-236,-235,-239,-232,-253,-230,-236,-245,-241,-232,-232,-235,-341,-235,-241,-232,-231,-239,-236,-268,-239,-251,-236,-239,-240,-254,-233,-238,-236,-231,-248,-236,-253,-243,-233,-234,-236,-235,-232,-240,-245,-239,-235,-240,-234,-231,-250,-232,-240,-249,-233,-231,-235,-233,-232,-232,-250,-235,-237,-262,-239,-237,-251,-243,-234,-250,-234,-244,-252,-234,-257,-240,-241,-246,-239,-239,-232,-235,-234,-236,-248,-236,-237,-234,-270,-245,-232,-230,-232,-235,-235,-234,-237,-242,-244,-236,-237,-239,-241,-231,-241,-236,-241,-241,-237,-239,-237,-237,-241,-247,-244,-235,-239,-237,-233,-231,-237,-259,-245,-238,-273,-233,-246,-234,-245,-235,-245,-236,-237,-231,-234
95,-239,-236,-242,-233,-236,-234,-231,-232,-244,-250,-241,-230,-237,-236,-237,-238,-235,-267,-247,-232,-229,-249,-236,-229,-237,-251,-236,-234,-240,-232,-232,-235,-246,-229,-237,-236,-267,-257,-230,-234,-239,-237,-237,-236,-235,-237,-234,-242,-233,-233,-233,-248,-239,-241,-233,-237,-239,-230,-247,-242,-233,-236,-238,-243,-232,-235,-240,-233,-235,-236,-235,-239,-232,-253,-230,-236,-245,-241,-232,-232,-235,-341,-235,-241,-232,-232,-239,-236,-268,-239,-251,-236,-239,-240,-254,-233,-238,-236,-231,-248,-236,-253,-243,-233,-233,-236,-235,-232,-240,-245,-239,-235,-240,-234,-231,-250,-232,-239,-249,-233,-232,-234,-233,-232,-232,-251,-235,-236,-262,-239,-237,-251,-243,-234,-249,-234,-244,-252,-234,-257,-240,-241,-246,-240,-239,-232,-235,-233,-236,-248,-235,-237,-234,-270,-245,-232,-230,-232,-235,-236,-234,-237,-242,-244,-236,-237,-239,-241,-231,-241,-236,-241,-241,-237,-239,-237,-237,-241,-247,-244,-235,-239,-237,-234,-231,-237,-259,-245,-238,-274,-233,-246,-234,-245,-235,-245,-236,-237,-231,-234
96,-239,-236,-242,-233,-236,-234,-231,-232,-244,-250,-241,-230,-237,-236,-237,-238,-235,-267,-246,-232,-229,-250,-236,-230,-237,-251,-236,-234,-240,-232,-231,-235,-246,-229,-237,-236,-267,-257,-230,-233,-239,-237,-237,-236,-234,-237,-234,-242,-233,-233,-233,-248,-239,-241,-233,-236,-239,-230,-247,-242,-233,-237,-238,-243,-232,-235,-240,-234,-235,-236,-235,-239,-232,-253,-230,-236,-245,-241,-232,-232,-235,-341,-235,-241,-232,-232,-239,-236,-268,-239,-251,-236,-239,-240,-254,-233,-238,-236,-232,-248,-236,-253,-243,-233,-234,-236,-235,-231,-240,-245,-239,-235,-240,-234,-231,-250,-232,-240,-249,-233,-232,-235,-233,-232,-232,-251,-235,-236,-262,-239,-237,-251,-243,-234,-250,-234,-244,-252,-234,-257,-240,-241,-246,-240,-239,-232,-235,-234,-235,-248,-235,-237,-234,-270,-245,-232,-230,-232,-235,-235,-234,-237,-242,-244,-236,-237,-239,-241,-231,-241,-236,-241,-241,-237,-239,-237,-237,-241,-247,-244,-235,-239,-237,-234,-231,-237,-259,-245,-238,-274,-234,-246,-234,-245,-235,-245,-236,-237,-231,-234
97,-239,-237,-242,-233,-235,-234,-231,-232,-244,-250,-241,-230,-237,-236,-236,-238,-235,-267,-247,-232,-229,-250,-236,-230,-237,-251,-236,-235,-240,-232,-231,-235,-246,-229,-237,-235,-267,-257,-230,-233,-239,-237,-237,-236,-235,-237,-234,-242,-233,-233,-233,-248,-239,-241,-233,-236,-239,-230,-247,-242,-233,-237,-238,-243,-232,-235,-240,-234,-235,-236,-235,-239,-232,-253,-230,-236,-245,-241,-232,-232,-235,-341,-235,-241,-232,-231,-239,-236,-268,-239,-251,-236,-239,-240,-254,-233,-238,-236,-232,-248,-236,-253,-243,-233,-233,-236,-235,-231,-240,-245,-239,-235,-240,-234,-232,-250,-231,-240,-249,-233,-232,-235,-233,-232,-232,-251,-235,-236,-262,-239,-237,-251,-243,-234,-250,-234,-244,-251,-234,-257,-240,-241,-245,-240,-239,-232,-235,-234,-236,-248,-235,-237,-234,-270,-245,-232,-230,-232,-235,-236,-234,-237,-242,-244,-236,-237,-239,-242,-231,-241,-237,-241,-241,-238,-239,-238,-237,-241,-247,-244,-235,-239,-237,-234,-231,-237,-259,-245,-238,-274,-233,-246,-234,-245,-235,-245,-236,-237,-231,-234
98,-239,-236,-242,-233,-235,-234,-231,-232,-244,-250,-241,-230,-237,-236,-236,-238,-235,-267,-247,-232,-229,-250,-236,-230,-237,-251,-237,-234,-240,-232,-231,-235,-246,-229,-237,-235,-267,-257,-230,-233,-239,-237,-237,-236,-235,-237,-234,-242,-233,-233,-233,-248,-239,-241,-233,-237,-239,-230,-247,-242,-233,-237,-238,-243,-232,-235,-240,-234,-235,-236,-235,-239,-232,-253,-230,-236,-245,-241,-232,-232,-235,-341,-235,-241,-231,-231,-239,-236,-268,-239,-251,-236,-239,-240,-254,-233,-238,-236,-232,-248,-236,-253,-242,-233,-233,-236,-235,-231,-240,-245,-239,-235,-240,-234,-232,-250,-232,-239,-249,-233,-232,-235,-233,-232,-232,-251,-235,-236,-263,-239,-237,-251,-243,-234,-249,-234,-244,-251,-234,-257,-240,-241,-245,-240,-239,-232,-236,-234,-236,-248,-235,-237,-234,-270,-245,-232,-230,-232,-235,-235,-234,-237,-242,-244,-236,-237,-239,-242,-232,-241,-237,-241,-241,-237,-239,-238,-237,-241,-247,-244,-235,-239,-237,-234,-231,-237,-259,-245,-238,-274,-233,-246,-234,-245,-236,-245,-236,-237,-231,-234
99,-239,-237,-242,-233,-235,-234,-231,-232,-244,-250,-241,-230,-237,-236,-236,-238,-235,-267,-247,-232,-230,-250,-236,-230,-237,-251,-237,-234,-240,-232,-232,-234,-246,-229,-237,-235,-267,-257,-230,-233,-239,-237,-237,-236,-235,-237,-234,-242,-233,-233,-233,-248,-239,-241,-233,-236,-239,-231,-247,-243,-233,-237,-238,-243,-232,-235,-240,-234,-235,-236,-235,-239,-232,-253,-230,-236,-245,-241,-232,-232,-235,-341,-235,-241,-232,-231,-239,-236,-268,-239,-251,-236,-239,-240,-254,-233,-238,-236,-232,-248,-236,-253,-243,-233,-233,-236,-235,-231,-240,-245,-239,-235,-240,-234,-232,-250,-232,-240,-249,-233,-232,-234,-234,-232,-232,-251,-235,-236,-263,-239,-237,-251,-243,-234,-249,-234,-244,-250,-234,-257,-240,-241,-245,-240,-239,-232,-236,-234,-235,-248,-235,-237,-234,-270,-245,-232,-230,-232,-235,-235,-234,-237,-242,-244,-236,-237,-239,-242,-232,-241,-237,-241,-241,-237,-239,-238,-237,-241,-247,-244,-235,-239,-237,-234,-231,-237,-260,-245,-238,-274,-233,-246,-234,-245,-235,-245,-236,-237,-231,-235
100,-241,-237,-242,-233,-235,-234,-231,-232,-244,-250,-241,-230,-235,-236,-236,-238,-235,-267,-247,-232,-230,-250,-236,-230,-237,-251,-237,-234,-240,-232,-230,-234,-246,-229,-237,-235,-267,-257,-230,-233,-241,-237,-237,-236,-235,-237,-234,-242,-233,-233,-233,-248,-239,-241,-233,-238,-239,-231,-247,-243,-233,-237,-238,-243,-232,-235,-240,-234,-235,-236,-235,-239,-232,-253,-230,-236,-245,-241,-232,-232,-235,-341,-235,-241,-232,-231,-239,-236,-268,-241,-251,-236,-239,-240,-254,-233,-238,-236,-232,-248,-236,-253,-243,-233,-233,-236,-237,-231,-240,-245,-239,-235,-240,-234,-232,-250,-232,-238,-249,-233,-232,-234,-234,-232,-232,-251,-235,-236,-263,-239,-237,-251,-243,-234,-249,-234,-244,-250,-234,-257,-240,-241,-245,-240,-239,-232,-236,-234,-235,-248,-235,-237,-234,-270,-245,-232,-230,-232,-235,-235,-234,-237,-244,-244,-236,-237,-239,-242,-232,-241,-237,-241,-241,-237,-239,-238,-237,-241,-247,-244,-235,-239,-237,-234,-231,-237,-260,-245,-238,-274,-235,-246,-234,-245,-235,-245,-236,-237,-231,-235
101,-241,-237,-242,-233,-235,-234,-231,-232,-244,-250,-241,-230,-235,-236,-236,-238,-235,-267,-247,-232,-230,-250,-236,-230,-237,-251,-237,-234,-240,-232,-233,-234,-246,-232,-237,-235,-267,-257,-227,-233,-241,-237,-240,-236,-235,-237,-234,-242,-233,-233,-233,-248,-239,-241,-233,-238,-239,-231,-247,-243,-233,-237,-238,-243,-232,-235,-240,-234,-235,-236,-235,-239,-232,-253,-230,-236,-245,-241,-232,-232,-235,-341,-235,-241,-232,-231,-239,-236,-268,-238,-251,-236,-239,-240,-254,-233,-238,-236,-232,-248,-236,-253,-243,-233,-236,-236,-237,-231,-240,-245,-239,-235,-240,-234,-232,-250,-232,-238,-249,-233,-232,-234,-234,-232,-232,-254,-235,-236,-263,-239,-237,-251,-243,-234,-249,-234,-244,-250,-234,-257,-240,-241,-245,-240,-239,-232,-236,-234,-235,-248,-235,-237,-234,-270,-245,-232,-230,-232,-235,-235,-234,-237,-244,-244,-236,-237,-239,-242,-232,-241,-237,-241,-241,-237,-239,-238,-237,-241,-247,-244,-235,-239,-237,-234,-231,-237,-260,-245,-238,-274,-235,-246,-234,-245,-235,-245,-236,-237,-231,-235
102,-241,-237,-242,-233,-235,-234,-231,-232,-244,-250,-241,-230,-235,-236,-236,-238,-235,-267,-247,-232,-230,-250,-236,-230,-237,-251,-237,-230,-240,-232,-233,-234,-246,-232,-237,-235,-267,-257,-231,-233,-241,-237,-240,-236,-235,-237,-234,-242,-233,-233,-233,-248,-239,-241,-233,-238,-239,-231,-247,-243,-233,-237,-238,-243,-232,-235,-240,-234,-235,-236,-235,-239,-232,-253,-230,-236,-245,-241,-232,-232,-235,-341,-235,-241,-232,-231,-239,-236,-268,-238,-251,-236,-239,-240,-254,-233,-238,-236,-232,-248,-236,-253,-243,-237,-236,-236,-237,-231,-240,-245,-239,-235,-240,-234,-232,-250,-232,-238,-249,-233,-232,-234,-234,-232,-232,-254,-235,-236,-263,-239,-237,-251,-243,-234,-249,-234,-244,-246,-234,-257,-240,-241,-245,-240,-239,-232,-236,-234,-235,-248,-235,-237,-234,-270,-245,-232,-230,-232,-235,-235,-234,-237,-244,-244,-236,-237,-239,-242,-232,-241,-237,-241,-241,-237,-239,-238,-237,-241,-247,-244,-235,-239,-237,-234,-231,-237,-260,-245,-238,-274,-235,-246,-234,-245,-235,-245,-236,-237,-231,-235
